"","p_val","avg_log2FC","pct.1","pct.2","p_val_adj"
"ALDH1A1",0,-0.98727503060389,0.036,0.615,0
"RPL27A",3.63597885108495e-256,-1.02287550379457,0.982,0.983,1.22510671408456e-251
"EGR1",7.4669826129431e-246,1.96784895808138,0.893,0.41,2.51592512160505e-241
"RPS29",1.00756696464815e-243,-0.790889883798499,0.997,0.992,3.39489613068549e-239
"PABPC1",8.40307129002734e-240,0.898798545205895,0.998,0.966,2.83133084046181e-235
"RPL37A",1.31761340477048e-212,-0.682849325127423,0.998,0.997,4.43956660603367e-208
"RPL7",8.91559858999995e-201,0.608809400384452,0.998,0.988,3.00402178891458e-196
"EEF1A1",4.37558667655205e-191,0.490761055798276,1,0.999,1.47431017479745e-186
"RPL36A",1.51663854198688e-188,-0.661688854878286,0.984,0.98,5.11016190337061e-184
"RPL37",2.83620162308663e-188,-0.445733069793861,0.999,0.992,9.55629774882808e-184
"RPL38",5.64945028560838e-187,-0.680461462887626,0.986,0.987,1.90352577923289e-182
"NPR3",3.31853047186711e-179,-0.607994779082092,0.113,0.603,1.1181456571909e-174
"EVA1B",1.27203802169657e-178,-0.671515789310964,0.063,0.48,4.28600491030442e-174
"RPL41",7.55535597338439e-176,-0.376804444869506,1,0.999,2.54570164167214e-171
"HIST1H1E",7.04850213669552e-175,-0.63156158489548,0.127,0.607,2.37492230993819e-170
"RPS10",1.82755906338881e-174,-0.48927979144292,0.996,0.992,6.15777750818226e-170
"RPS3A",1.2655912166868e-173,0.433474819007419,0.999,0.998,4.26428304550449e-169
"RPL35",6.207064356841e-167,-0.561743627546876,0.995,0.988,2.09140826439401e-162
"RPL13A",1.1730428662719e-166,-0.579077935222137,0.995,0.994,3.95245063361654e-162
"C1orf228",1.18266471128367e-162,1.04631290767948,0.924,0.683,3.98487047819921e-158
"RPL27",2.32214160952359e-153,-0.549468796702054,0.988,0.984,7.82422393912877e-149
"C1QTNF4",1.90575689850176e-148,1.28368806809311,0.883,0.507,6.42125729381182e-144
"CRHBP",7.37938468999015e-142,-0.761858051612222,0.08,0.467,2.48640987744528e-137
"HEMGN",8.95301822189807e-141,-0.635461031174233,0.087,0.473,3.01662995968633e-136
"HBB",9.10372142554157e-134,-4.10880683546738,0.012,0.269,3.06740789712198e-129
"RPL23A",3.79640211142387e-132,-0.388204365205299,0.995,0.991,1.27915972742316e-127
"FLOT1",4.19979581129733e-129,-0.351673397768794,0.069,0.424,1.41507920065852e-124
"HSD17B11",5.81246304886402e-129,0.839964627044926,0.918,0.776,1.95845129968424e-124
"EEF1D",8.71137054690752e-129,0.472131690863969,0.995,0.979,2.93520919207502e-124
"RPL30",2.59562263236171e-127,0.387687178795594,1,0.998,8.74569089747955e-123
"HBD",7.21613173010347e-126,-1.19437905231884,0.025,0.301,2.43140342514106e-121
"MDK",1.41463387663228e-125,-0.768286946688733,0.064,0.388,4.7664673839248e-121
"KLF6",1.14974041375024e-117,1.16417532680598,0.924,0.741,3.87393535009006e-113
"C2orf88",2.92312688779056e-117,-0.385415029477172,0.026,0.289,9.84918373572151e-113
"RPL36",2.12302098742191e-116,-0.337835165661556,0.999,0.997,7.15330691501938e-112
"RPLP1",1.98676591923862e-115,-0.290076855367535,1,1,6.6942090882826e-111
"CLEC11A",6.13606346214626e-114,1.1265968386556,0.824,0.634,2.06748522293556e-109
"AC090498.1",1.11170061608739e-111,0.626509217891412,0.922,0.845,3.74576405584486e-107
"DUSP1",3.07112194768675e-111,1.00910787009628,0.967,0.881,1.03478382905357e-106
"KLF2",1.12127848749815e-107,-1.1881143452712,0.102,0.441,3.77803573577627e-103
"HIST1H1D",9.52236019314305e-107,-0.624513119068836,0.177,0.565,3.20846404347762e-102
"GPX4",1.95262025449254e-105,-0.770700243283821,0.771,0.93,6.57915868548715e-101
"C11orf31",5.38793239520857e-105,-0.638594790263252,0.79,0.924,1.81540994124158e-100
"ATP5E",3.90319029008218e-104,-0.650441721585374,0.966,0.974,1.31514093634029e-99
"VAMP5",6.5838008595975e-103,-0.538336819614411,0.107,0.436,2.21834586163278e-98
"DPEP3",9.03704529499984e-103,0.710355987748605,0.759,0.355,3.04494204169725e-98
"PCDH9",1.97263166687646e-102,-0.429697713201586,0.074,0.386,6.64658513837354e-98
"FLT3",1.02369284175222e-100,0.770377032729617,0.597,0.224,3.44923066099991e-96
"IFITM1",1.20480176032257e-99,-0.327756457289952,0.019,0.24,4.05945905123087e-95
"RPL17",2.23380247397544e-99,-0.557016115638954,0.936,0.932,7.52657405581286e-95
"TLE4",2.04810707960609e-95,-0.387601171839509,0.148,0.516,6.90089199402475e-91
"MIR4435-2HG",1.18198250446711e-94,-0.449298032105016,0.159,0.52,3.98257185055148e-90
"EIF3H",6.02634344995957e-93,0.513796476816846,0.967,0.927,2.03051616202938e-88
"MAP7",2.8647301566767e-92,-0.356893353056403,0.158,0.519,9.65242178990648e-88
"AJ006998.2",3.14277695808113e-92,-0.297014946357979,0.037,0.279,1.05892726825586e-87
"ANXA5",3.15401101797534e-92,-0.382611904992184,0.081,0.375,1.06271247239661e-87
"IGSF10",5.21135722547133e-92,-0.370076572905568,0.068,0.348,1.75591470355031e-87
"HOPX",7.93895548863564e-92,0.930438635593365,0.846,0.538,2.67495166234089e-87
"ANXA1",2.03457747230375e-91,-0.859241922966523,0.292,0.689,6.85530533518026e-87
"RPS18",1.27472469013633e-90,-0.292785275864742,0.999,1,4.29505737094534e-86
"IER2",2.44184514565345e-90,1.0718507085335,0.919,0.825,8.22755303376473e-86
"MARCKSL1",1.0053822722868e-89,-0.542023295868108,0.191,0.554,3.38753502824315e-85
"RPS24",1.97601110968166e-89,0.298272269273748,0.999,1,6.65797183296139e-85
"RPS3",3.06797055046921e-89,0.279971116459765,1,0.998,1.0337219972751e-84
"RPL31",4.74639378213997e-89,-0.409413152768445,0.99,0.969,1.59924992095424e-84
"NDUFA13",6.02977521254392e-89,-0.616702011773036,0.752,0.92,2.03167246011455e-84
"CD81",7.90983721890762e-87,0.536030216579579,0.948,0.866,2.66514055253873e-82
"FAM173A",1.32423768038204e-86,-0.284248675571668,0.088,0.383,4.46188644027924e-82
"EEF2",1.99702493947162e-86,0.434580192299532,0.993,0.967,6.72877583105566e-82
"NAA38",2.50664994835123e-86,-0.952714122775519,0.693,0.876,8.44590633597462e-82
"IGLL1",9.09522336872029e-86,0.875799734859595,0.826,0.537,3.06454456185661e-81
"AZU1",1.05399906691997e-85,1.06781558348038,0.589,0.197,3.55134445608013e-81
"HPGDS",7.44200270532576e-85,-0.291872462673966,0.03,0.246,2.50750839153246e-80
"NPW",1.37924530033441e-84,0.85928310951707,0.785,0.494,4.64722911494677e-80
"RPS11",1.82475882053081e-84,-0.355531757998192,0.993,0.984,6.1483423698965e-80
"BTG2",3.01929939244284e-84,1.05080924917756,0.69,0.408,1.01732273728969e-79
"SARAF",3.06322208442387e-84,0.577848456711248,0.962,0.915,1.03212204912578e-79
"CKB",4.15971282293914e-83,-0.322726231734443,0.084,0.367,1.40157363856112e-78
"HIST2H2AC",6.68891245087487e-81,-0.393619065894976,0.135,0.456,2.25376216119778e-76
"OST4",1.30505176095172e-80,-0.581556699213502,0.867,0.95,4.39724140335073e-76
"RGS19",1.76099714723101e-80,-0.381316780156891,0.185,0.535,5.93350378788016e-76
"AAED1",2.19303260026455e-80,-0.261237492221298,0.105,0.406,7.38920404333139e-76
"XIST",2.56606249220519e-80,0.625410052913657,0.949,0.828,8.64609096123618e-76
"RP11-354E11.2",4.5276541372228e-80,-0.487699043164624,0.051,0.286,1.52554778499585e-75
"SOCS3",1.38309148444074e-79,-0.399720152138417,0.048,0.277,4.66018844767464e-75
"PLPPR3",1.42336319068082e-79,0.567024872561232,0.472,0.117,4.79587993467995e-75
"PLXDC2",9.89484601886728e-79,-0.342054094674064,0.076,0.339,3.33396941759714e-74
"SERF2",1.64637933730141e-78,-0.59037317718386,0.976,0.984,5.54731053910336e-74
"RPS21",2.33063766227844e-78,-0.274565991389168,0.997,0.985,7.85285053928096e-74
"MLLT3",4.73382672392882e-78,-0.541758993750423,0.244,0.589,1.59501557636058e-73
"RPS20",8.81417102041825e-78,-0.429090991073584,0.992,0.986,2.96984678361973e-73
"ARPC1B",1.41527033291585e-76,-0.766639069208722,0.792,0.921,4.76861185972666e-72
"TNFRSF14",4.21068824628002e-76,-0.312339167073311,0.132,0.445,1.41874929770159e-71
"APOC1",4.32987872958349e-76,-0.962886438576941,0.035,0.237,1.45890933914586e-71
"EEF1G",6.52993236014515e-75,-0.323089128908229,0.217,0.566,2.20019540942731e-70
"RPL5",6.64432020391963e-75,0.294218445881763,0.998,0.994,2.23873724950868e-70
"APLP2",1.20591817932146e-74,0.720693992222142,0.837,0.738,4.06322071340573e-70
"NT5C",2.11342244301874e-74,-0.405692602771221,0.291,0.653,7.12096557950734e-70
"GATA1",3.74689886480871e-74,-0.44405149168196,0.047,0.263,1.26248010350865e-69
"FCER1A",4.42426754238864e-73,-0.580503003443782,0.162,0.483,1.49071270573243e-68
"EIF3E",9.95896222043462e-73,0.463366317428031,0.984,0.945,3.35557273055324e-68
"TLN1",1.09271527659387e-72,-0.680998293524986,0.354,0.698,3.68179485295538e-68
"MT-ND4",3.58268806542388e-72,0.432181873075389,0.999,0.951,1.20715091676392e-67
"ZFP36L2",4.51298276643981e-72,0.610922788748673,0.987,0.92,1.52060441332423e-67
"CLIC1",9.24464898615077e-72,-0.485100230691721,0.96,0.965,3.11489202939364e-67
"FOS",1.46920441153125e-71,0.732593879563642,0.983,0.93,4.9503373442134e-67
"TCEB2",1.68336395284344e-71,-0.582338388609167,0.85,0.948,5.6719265027107e-67
"HIST1H1C",5.22168715050382e-71,-0.477557297684948,0.237,0.577,1.75939526849076e-66
"CRABP1",6.19955449092707e-71,0.547773543222547,0.538,0.226,2.08887789017297e-66
"PDZK1IP1",7.5111806063712e-71,-0.378239095450169,0.035,0.232,2.53081719351071e-66
"CARHSP1",1.4148421747335e-70,-0.322253978521977,0.122,0.408,4.76716922354704e-66
"RAB27B",7.65895126922333e-70,-0.276805236097689,0.033,0.226,2.58060704065211e-65
"BTF3",7.73782464675882e-70,0.332046156672806,0.994,0.974,2.60718263647892e-65
"LINC00152",3.43163929119551e-69,-0.577939884586933,0.437,0.745,1.15625654277542e-64
"CFD",5.6344840600927e-69,1.24972600193013,0.6,0.31,1.89848305920763e-64
"NDUFA7",3.26702555368888e-68,-0.316959281623349,0.225,0.568,1.10079159005993e-63
"GABRD",1.82044703041441e-67,0.423369121231373,0.341,0.042,6.13381422427831e-63
"NR4A2",1.4378471262343e-66,-0.457450911503275,0.17,0.471,4.84468210713384e-62
"ZFP36L1",3.5531367975535e-66,-0.523458314080213,0.112,0.379,1.19719391256768e-61
"CCNI",4.56789524501263e-66,0.491774014010845,0.973,0.937,1.53910662385455e-61
"MRPL41",6.71553863162425e-66,-0.41356918202318,0.271,0.632,2.26273358653947e-61
"ITGA2B",1.53601032200891e-65,-0.730973272972928,0.058,0.266,5.17543317897683e-61
"C9orf16",4.97422713189494e-65,-0.524283514305014,0.708,0.887,1.67601608982068e-60
"PRELID1",9.14145283120618e-65,-0.573608433411964,0.595,0.844,3.08012111694661e-60
"JUND",9.36096325677679e-65,0.492999346341644,0.998,0.978,3.15408295973837e-60
"SPINK2",3.39734765556412e-64,0.663902092682631,0.908,0.624,1.14470231906577e-59
"ROMO1",9.12693760666088e-63,-0.470776585441371,0.41,0.739,3.07523035718832e-58
"RPL23",2.03076992379531e-62,-0.370475095348372,0.992,0.974,6.84247618123592e-58
"SEPP1",2.57730062116138e-62,0.710981070752248,0.598,0.367,8.68395671294116e-58
"LITAF",2.85057824502257e-62,0.523510948535584,0.686,0.48,9.60473833877905e-58
"TMSB10",4.00174972622315e-62,-0.574087830059975,0.992,0.986,1.34834955275363e-57
"RGS18",7.39248932789518e-62,-0.513241966138523,0.031,0.203,2.490825354141e-57
"PPP1R14B",1.04920205150652e-61,-0.609655642198893,0.625,0.831,3.53518139234607e-57
"LAMTOR1",5.47987526911039e-61,-0.629435520008463,0.73,0.875,1.84638917317405e-56
"HLA-DQA1",6.51691422873447e-61,-0.37077676028885,0.101,0.343,2.19580908022979e-56
"GABPB1-AS1",9.02788968811529e-61,0.660002160270982,0.9,0.763,3.04185715151357e-56
"SEPT6",1.11777825541688e-60,0.559258447342958,0.934,0.823,3.76624205380163e-56
"RPS4X",1.4823952852885e-60,0.265167945396316,1,0.995,4.99478267425109e-56
"LTA4H",5.85449873555725e-60,0.520622373755445,0.798,0.688,1.97261480395866e-55
"NFKBIA",6.93021451534889e-60,-0.860767740330759,0.367,0.684,2.33506647880165e-55
"LST1",7.97544603199451e-60,-0.59987444207215,0.431,0.72,2.68724678602023e-55
"UQCRB",6.86143632973558e-59,0.33594574475331,0.991,0.966,2.31189235694111e-54
"NIT2",2.67222888899231e-58,-0.310943453365531,0.213,0.526,9.0038080185707e-54
"PPA1",2.94463137321095e-58,0.452195918071387,0.907,0.851,9.92164094889699e-54
"COX6B1",6.1478102835168e-58,-0.431974005130725,0.932,0.953,2.07144319692815e-53
"MCL1",7.28660955423726e-58,0.635374155167511,0.884,0.767,2.4551502232047e-53
"ZFAS1",1.02240448252468e-57,0.558143116861523,0.991,0.943,3.44488966341865e-53
"MRPS15",8.9348202134418e-56,-0.473963109045785,0.454,0.738,3.01049832271708e-51
"PHF5A",1.14800963888796e-55,-0.290132924252885,0.252,0.583,3.86810367726909e-51
"NT5M",1.2566521085245e-55,-0.313123984100889,0.219,0.529,4.23416361446244e-51
"CD151",1.58125298099741e-55,-0.260180546725733,0.094,0.324,5.32787379417267e-51
"KRT8",2.95708260569992e-55,0.521641344108364,0.674,0.455,9.9635941316453e-51
"PCBD1",3.05590950579638e-55,-0.431439507037435,0.418,0.738,1.02965814888303e-50
"KLF1",1.08741880749434e-54,-0.603390381041163,0.076,0.276,3.66394892997143e-50
"CHST12",1.16273791444089e-54,0.524103201688826,0.757,0.656,3.91772912891713e-50
"TUBA4A",2.1454605890229e-54,-0.712743620944306,0.088,0.305,7.22891490865376e-50
"LMNA",3.96640978535591e-54,-0.583323191961625,0.193,0.462,1.33644211307782e-49
"CD36",2.45143445537864e-53,-0.33362607724768,0.018,0.154,8.2598632539528e-49
"RARRES3",6.43451645050553e-53,-0.383512562809928,0.245,0.541,2.16804597283333e-48
"TRGC2",9.68584576764626e-53,0.424614296357524,0.302,0.047,3.26354887295073e-48
"CD82",1.0605888575178e-52,-0.350874014739244,0.258,0.557,3.57354809652046e-48
"CHCHD10",4.18031925616024e-52,-0.42478258774434,0.366,0.672,1.40851677017063e-47
"ATP5I",6.21355170638485e-52,-0.562425262407792,0.792,0.915,2.09359411194931e-47
"LAT",6.25705194756139e-52,-0.470355632948906,0.031,0.181,2.10825108321134e-47
"SOD2",9.26808911208763e-52,-0.554342959557257,0.426,0.723,3.12278994542681e-47
"H3F3B",2.52446861299499e-51,0.41722897129489,0.998,0.988,8.50594454462533e-47
"CHCHD7",2.70922081233801e-51,0.498332747087046,0.674,0.556,9.12844860509169e-47
"TRGC1",3.26915841540432e-51,0.398488110579125,0.3,0.054,1.10151023648633e-46
"FERMT3",1.09227683354481e-50,-0.688904410550368,0.405,0.697,3.6803175629459e-46
"NDUFC1",1.13958699755711e-50,-0.441534475873743,0.61,0.839,3.83972442956894e-46
"FAM117A",4.30888784856063e-50,0.673235193049873,0.735,0.607,1.45183667169402e-45
"ITM2C",1.4331767285446e-49,0.446014040097476,0.838,0.706,4.82894566915816e-45
"S100A4",4.30736205428995e-49,-0.774952033827613,0.906,0.953,1.45132257057246e-44
"TOMM7",4.63448175898226e-49,-0.370551844200323,0.954,0.958,1.56154228387148e-44
"HBA1",1.11715196679678e-48,-2.49789175292257,0.005,0.103,3.76413183692507e-44
"EIF5A",1.37421605180505e-48,-0.595258793629656,0.69,0.86,4.63028356495192e-44
"MT-CO1",2.54541913563355e-48,0.368740060652113,0.999,0.957,8.57653523560367e-44
"NDUFA1",3.37565893342062e-48,-0.437298753495351,0.716,0.904,1.13739452102674e-43
"CALM1",4.71399844534128e-48,-0.684402132734154,0.656,0.867,1.58833463617329e-43
"RARRES2",5.6115307154434e-48,0.422513566462735,0.362,0.113,1.8907491592615e-43
"NDUFS5",5.95086985255237e-48,-0.490165114433613,0.841,0.934,2.005086088119e-43
"CDV3",7.47638422417249e-48,-0.382807383509626,0.472,0.773,2.51909290049268e-43
"TNFAIP3",9.36263978307512e-48,-0.339995928476552,0.052,0.22,3.15464784850933e-43
"MT-ATP8",9.61123095856996e-48,-0.290475787674387,0.268,0.576,3.23840815918056e-43
"UQCR11",1.14130058614142e-47,-0.482168379640997,0.788,0.915,3.84549819494491e-43
"S100A6",4.87677939070051e-47,-1.15469392516818,0.849,0.943,1.64318204790263e-42
"ATP2A3",8.61276758198935e-47,-0.250347656418936,0.17,0.432,2.90198590907549e-42
"FZD3",9.52749034672789e-47,0.436783362869964,0.405,0.171,3.21019259742649e-42
"BCL7C",2.30782148921415e-46,-0.293412593874436,0.325,0.64,7.77597372575815e-42
"FTH1",6.3706480516732e-46,-0.561889645118511,0.995,0.993,2.14652615453077e-41
"NOG",7.46995972214471e-46,0.553428077039601,0.371,0.138,2.51692822877944e-41
"IMPDH2",2.80591268855791e-45,0.39824118849474,0.934,0.857,9.45424221282702e-41
"TRBC2",5.01118099261573e-45,0.380246974942406,0.515,0.272,1.68846732365194e-40
"GDI2",2.48580963995932e-44,0.408101122765123,0.886,0.828,8.37568700087895e-40
"SVIP",2.49461375460395e-44,-0.376251616340326,0.348,0.635,8.40535158476255e-40
"EIF3L",2.64380905960137e-44,0.330586559862657,0.955,0.909,8.90805024542086e-40
"PFN2",2.79342772659989e-44,0.301003466011708,0.251,0.035,9.41217538200566e-40
"COX7C",4.18157995771864e-44,-0.274893468902289,0.977,0.971,1.40894155095372e-39
"COX7A2L",4.77514672126679e-44,0.372661383782465,0.884,0.844,1.60893793626363e-39
"CDK2AP1",6.90760706333681e-44,-0.264888323710356,0.275,0.566,2.3274491239207e-39
"STT3B",1.18104619685597e-43,0.476571660277876,0.707,0.612,3.97941705568649e-39
"SNHG25",1.43182473169081e-43,-0.349898778342234,0.225,0.502,4.82439025095902e-39
"CD99",1.73805746592565e-43,0.404839769652945,0.894,0.845,5.85621082568989e-39
"LRRC75A",2.16049170422538e-43,-0.46708540265532,0.49,0.718,7.27956074821701e-39
"TMA7",2.88769943821213e-43,-0.43224324209165,0.92,0.962,9.72981448711195e-39
"NRIP1",6.44687783832184e-43,-0.545521030571698,0.425,0.669,2.17221101884416e-38
"LTB",1.37137569334616e-42,-0.732376921525609,0.038,0.181,4.62071326116057e-38
"MEIOB",1.44306063311858e-42,0.324427784986725,0.302,0.079,4.86224849722975e-38
"CITED4",2.10598183474888e-42,0.387469518271424,0.445,0.21,7.09589519400289e-38
"SATB1",3.32240583417984e-42,0.528745275902511,0.602,0.465,1.11945142176856e-37
"NCOA4",7.2551689696302e-42,0.271105681631063,0.706,0.621,2.4445566326272e-37
"KRT18",1.22812724964344e-41,0.532325735351012,0.696,0.549,4.1380519549486e-37
"KCNH2",1.29733888108342e-41,-0.305428003997433,0.034,0.168,4.37125362592246e-37
"CNRIP1",1.59990744144433e-41,-0.298624725694838,0.053,0.209,5.39072813320252e-37
"CA2",1.88246957475675e-41,-0.314020283678782,0.021,0.135,6.34279298518538e-37
"DDT",1.97910301638144e-41,-0.40544714180063,0.77,0.894,6.66838970339563e-37
"CALCOCO2",2.92853850756451e-41,0.492571230183371,0.605,0.463,9.86741764738784e-37
"IGFBP2",7.08055135344001e-41,0.358843277154754,0.507,0.268,2.38572097302808e-36
"TSC22D3",9.96727044020014e-41,0.599832704714679,0.815,0.69,3.35837210212104e-36
"PCBP2",1.68039320171646e-40,0.34316240341658,0.95,0.911,5.66191685386343e-36
"AGTRAP",3.03391862470148e-40,-0.29157077654308,0.26,0.534,1.02224854140692e-35
"FAM178B",3.31284428225859e-40,-0.421890657887074,0.013,0.113,1.11622975246421e-35
"DTD1",5.52130823174612e-40,-0.423469032094232,0.372,0.647,1.86034959560454e-35
"PTDSS1",5.54703390791846e-40,0.420569165435476,0.598,0.465,1.86901760493405e-35
"ARL4A",7.21905079144761e-40,-0.284808442103034,0.303,0.586,2.43238697367036e-35
"CEBPA",1.53012529703835e-39,0.399794615951182,0.542,0.321,5.15560417584101e-35
"UBL5",2.82559423438272e-39,-0.457922019275862,0.823,0.92,9.52055721332915e-35
"HMGB2",3.62604292231339e-39,-0.593841380691957,0.602,0.832,1.22175890224428e-34
"SPARC",4.10676083550213e-39,0.342877288125624,0.438,0.234,1.38373199591409e-34
"CSF3R",4.80095001866249e-39,0.435861690507353,0.744,0.534,1.61763209928814e-34
"PBX1",1.23379444156641e-38,-0.298022608044373,0.142,0.354,4.15714699141388e-34
"MIR181A1HG",1.33523235812379e-38,0.425516965497778,0.404,0.192,4.4989319074623e-34
"PHTF1",1.46405501203497e-38,-0.251827213180246,0.204,0.448,4.93298695755064e-34
"PET100",1.87806339011323e-38,-0.294348646306014,0.41,0.709,6.32794678664753e-34
"AC013461.1",3.45439026844112e-38,0.425745196568519,0.508,0.348,1.16392225704855e-33
"SLC38A2",5.29803706221995e-38,-0.303806376873816,0.338,0.621,1.78512060774439e-33
"MZB1",1.50272428358614e-37,0.348064784073933,0.559,0.328,5.06327920111514e-33
"MGLL",1.60444004681624e-37,-0.355434105543376,0.374,0.642,5.40600029374264e-33
"MZT2B",2.72197298400765e-37,-0.361135913522368,0.944,0.949,9.17141577231536e-33
"MFNG",3.44440312396797e-37,-0.276078695740297,0.336,0.632,1.16055718858977e-32
"PRSS21",5.09626570674948e-37,0.414387942451692,0.723,0.563,1.71713576723217e-32
"CISD2",5.13994164275776e-37,-0.274073953469268,0.258,0.515,1.7318519371108e-32
"POLR2J3",6.34411737654726e-37,0.431750482009108,0.816,0.731,2.13758690885383e-32
"NDUFB7",1.24599642187377e-36,-0.352069188162427,0.688,0.862,4.19826034386148e-32
"NDUFA3",1.90730160122744e-36,-0.369033252721488,0.529,0.774,6.42646201517574e-32
"MTDH",2.21663595953546e-36,0.342441963639964,0.942,0.901,7.4687332020588e-32
"NDUFB8",4.05982990283285e-36,-0.372043167189648,0.738,0.875,1.3679190874605e-31
"HLA-A",5.07814358599592e-36,-0.604950560050959,0.963,0.95,1.71102969986547e-31
"RAC1",7.89038573919751e-36,-0.389559909338082,0.735,0.879,2.65858657096521e-31
"MT-CO2",8.12417487616861e-36,0.285343836583325,0.999,0.962,2.73735948277625e-31
"EIF4A1",1.53132945120163e-35,0.408427295216322,0.887,0.837,5.15966145287877e-31
"PNRC1",1.69930918393908e-35,0.39099801175588,0.913,0.848,5.72565236436432e-31
"MYB",5.44930696841898e-35,0.473562975268609,0.761,0.692,1.83608948993909e-30
"SDCBP",5.73486344987695e-35,0.358186468278412,0.727,0.605,1.93230489080154e-30
"HINT2",6.301446837805e-35,-0.272992568041482,0.329,0.612,2.12320949753002e-30
"PRDX2",9.42384018873654e-35,-0.838991137510876,0.494,0.674,3.17526871319289e-30
"HIST1H4C",2.04372719102093e-34,-0.592738205372571,0.925,0.939,6.88613439742591e-30
"SNRPB",2.04460738406904e-34,-0.470796819110987,0.769,0.887,6.88910011988224e-30
"MRPL52",2.55095316571835e-34,-0.39424715133076,0.565,0.773,8.59518159657141e-30
"H3F3A",4.61957459639884e-34,-0.347380303665823,0.993,0.986,1.55651946451063e-29
"DEK",6.44177008965087e-34,-0.42544246826078,0.719,0.868,2.17049001400696e-29
"C8orf59",7.11060363066132e-34,0.327092223365805,0.939,0.9,2.39584678731502e-29
"ATP6V1B2",7.98822965016151e-34,0.35121515446577,0.488,0.33,2.69155409832542e-29
"ARGLU1",8.14963100143467e-34,-0.421944271195535,0.739,0.855,2.7459366696234e-29
"PGP",1.39974296429483e-33,-0.255689692749189,0.234,0.474,4.716293943895e-29
"TMEM160",1.45260557280363e-33,-0.303526939540586,0.444,0.718,4.89440921700454e-29
"PCOLCE2",1.68710480215756e-33,0.258484084569313,0.226,0.05,5.68453092038968e-29
"ANKRD28",2.21010947660302e-33,0.409705294082706,0.893,0.76,7.4467428704662e-29
"HINT1",2.38558187955987e-33,-0.29091138758376,0.984,0.969,8.03797958498902e-29
"BZRAP1",1.28017252732668e-32,0.398945661227311,0.269,0.083,4.31341331357451e-28
"PRKAR2B",1.36481606278831e-32,-0.564978557132519,0.175,0.365,4.59861124195893e-28
"SF1",1.52536098124257e-32,0.345267104903725,0.938,0.876,5.13955129019871e-28
"ENAH",1.77595770113706e-32,0.261965773659787,0.273,0.089,5.98391187821121e-28
"KIF2A",1.98277286821476e-32,-0.423064203440972,0.339,0.601,6.68075490216282e-28
"TIMM10",2.20672739609961e-32,-0.35750657144169,0.467,0.726,7.43534728841803e-28
"CDC42",2.36303223503055e-32,-0.340620981148753,0.75,0.885,7.96200081271193e-28
"PTK2B",3.95497610004316e-32,0.396544404913923,0.48,0.324,1.33258964714854e-27
"COX8A",4.4096794534734e-32,-0.412870313266101,0.771,0.886,1.48579739505333e-27
"PARP1",6.52626389622445e-32,-0.320963872837881,0.623,0.791,2.19895935719387e-27
"LINC00936",6.55027050923759e-32,0.314159396575326,0.616,0.473,2.20704814538252e-27
"FDFT1",7.02729994495224e-32,0.394877494885197,0.688,0.621,2.36777844345221e-27
"NDUFA4",8.31287392812156e-32,-0.368272044690932,0.909,0.946,2.80093974134128e-27
"AMN",1.13686964978096e-31,0.319603619821363,0.304,0.126,3.83056859797198e-27
"NDUFA6",2.49438952249492e-31,-0.38228570847118,0.428,0.676,8.40459605709439e-27
"NDUFB2",2.54038411169941e-31,-0.387001100128608,0.674,0.858,8.55957022595999e-27
"PAG1",3.50513452313085e-31,0.304287472418588,0.325,0.14,1.18102002622371e-26
"TRPS1",4.4343319286303e-31,0.419863693959841,0.528,0.381,1.49410380003269e-26
"OLA1",4.65188777614143e-31,0.339227832052696,0.83,0.777,1.56740706729309e-26
"BCL2",5.82962152850945e-31,0.38411409018751,0.458,0.29,1.96423267781597e-26
"NUCKS1",6.18405296883448e-31,-0.420740129064525,0.73,0.848,2.08365480731909e-26
"RAB32",6.63362585445468e-31,0.370560598483788,0.686,0.603,2.23513389539996e-26
"UBE2E2",9.93881574040682e-31,0.281185944181825,0.343,0.162,3.34878457557267e-26
"RP11-620J15.3",1.17806735670367e-30,0.385108426924675,0.917,0.816,3.96938015167735e-26
"PARVB",1.400362247416e-30,-0.381850408854349,0.363,0.618,4.71838055644347e-26
"SND1",1.49808276429967e-30,0.363861123043075,0.668,0.599,5.04764006603131e-26
"S100A8",1.81102921227847e-30,-2.0749596813076,0.03,0.135,6.10208182785109e-26
"SMIM1",2.17160342966413e-30,-0.283357471828454,0.178,0.379,7.31700059591031e-26
"FYB",2.4049498689848e-30,-0.356002928000669,0.105,0.267,8.10323808855737e-26
"YBX1",2.73230222646385e-30,-0.429268951094341,0.971,0.969,9.20621912184728e-26
"HMGB1",3.61151548667912e-30,-0.538666489866686,0.979,0.966,1.21686402808166e-25
"TAF10",5.01936290475565e-30,-0.284966736993114,0.46,0.72,1.69122413712837e-25
"EDF1",6.28344834446342e-30,-0.288376203452675,0.88,0.927,2.11714508518351e-25
"SCAND1",9.62387864261195e-30,-0.325219821922648,0.642,0.826,3.24266966984167e-25
"NDUFS6",9.77610505689877e-30,-0.392383736721238,0.656,0.824,3.29396083787147e-25
"TRAM1",1.14086542745647e-29,0.337820682383515,0.676,0.605,3.84403197127182e-25
"MRPS34",1.86328145333975e-29,-0.351817065503621,0.478,0.702,6.27814052888294e-25
"SLC25A37",1.91241886798801e-29,0.281724075593517,0.676,0.559,6.44370413379879e-25
"FCGRT",2.31728117438264e-29,-0.38513467427017,0.322,0.568,7.80784718896486e-25
"C16orf13",2.38249975160658e-29,-0.344504835014156,0.504,0.749,8.0275946630632e-25
"GLRX",2.74240280794751e-29,-0.348360856786382,0.399,0.661,9.24025202109834e-25
"VASP",3.67476970041681e-29,-0.399085569639945,0.402,0.643,1.23817690285844e-24
"OTUD6B-AS1",4.2635242407928e-29,0.391256586460304,0.656,0.573,1.43655185769273e-24
"DNPH1",5.26442512743067e-29,-0.385740643412693,0.522,0.725,1.77379540243649e-24
"CCT8",5.39026495235117e-29,0.300584684034307,0.917,0.866,1.8161958730452e-24
"POLR2L",6.13375626185141e-29,-0.464350026775202,0.693,0.847,2.06670783486821e-24
"CAT",7.04980875673909e-29,0.41522017903952,0.861,0.807,2.37536256249567e-24
"FOSB",9.96290223122102e-29,0.309144303927047,0.967,0.894,3.35690027778761e-24
"SNHG7",1.324863876078e-28,0.466344149240582,0.958,0.89,4.46399634405721e-24
"ID2",2.49089368250297e-28,-0.379796091364353,0.126,0.29,8.39281717382551e-24
"ESD",3.19821580528116e-28,0.296905221447954,0.89,0.836,1.07760683343143e-23
"PABPC4",3.79688152850976e-28,-0.301459110402244,0.342,0.589,1.27932126221608e-23
"CTNNBL1",5.49859897386185e-28,-0.347546263399552,0.372,0.604,1.85269793825301e-23
"DPM3",5.67669362206288e-28,-0.287059555238843,0.445,0.695,1.91270514901787e-23
"TIMM8B",6.81612975606375e-28,-0.338020625283122,0.527,0.741,2.29662676000812e-23
"NDUFA2",1.40999477868543e-27,-0.34145533196702,0.572,0.78,4.75083640730269e-23
"MIF",1.57210603385318e-27,-0.436618401168355,0.792,0.883,5.29705407046489e-23
"CTSB",1.69266956612338e-27,0.314025646210147,0.601,0.502,5.70328083609612e-23
"C19orf53",3.32594157603836e-27,-0.320075256591204,0.724,0.868,1.12064275463037e-22
"BLOC1S1",5.3011315786124e-27,-0.320115677961727,0.481,0.734,1.78616327409766e-22
"CMTM5",6.81424798460721e-27,-0.495503493931243,0.042,0.148,2.29599271593355e-22
"TATDN1",9.04185764159036e-27,0.355997026125825,0.688,0.626,3.04656351375745e-22
"MAP2K2",9.63923400324152e-27,-0.305500528338217,0.68,0.86,3.2478435050522e-22
"C12orf57",1.19762126309856e-26,0.310735836997015,0.94,0.896,4.03526508388428e-22
"CD63",1.70884227926497e-26,-0.500907653755333,0.833,0.909,5.75777317575538e-22
"SMIM24",2.39735891395141e-26,0.34245622997179,0.815,0.678,8.07766112466789e-22
"PPP2R1A",2.48148538184444e-26,0.338600951288055,0.666,0.614,8.36111684558667e-22
"DRAP1",2.54985218105466e-26,-0.315064892019838,0.804,0.885,8.59147193884556e-22
"HLA-DRB1",2.68527736894982e-26,-0.570193697798208,0.815,0.872,9.04777356693954e-22
"PPIF",6.86942267447773e-26,-0.320247365152669,0.259,0.47,2.31458327593853e-21
"GLTSCR2",8.11378535558769e-26,-0.285489883179383,0.949,0.93,2.73385883771172e-21
"SDPR",9.32703582772335e-26,-0.546342498824538,0.229,0.425,3.14265145179311e-21
"TOMM40",1.40078058215725e-25,-0.316317915303066,0.415,0.642,4.71979009352065e-21
"RSL1D1",1.52545346982008e-25,0.316813930103937,0.931,0.867,5.13986292121178e-21
"RNASEH2C",1.86293897371205e-25,-0.307665159268981,0.567,0.781,6.27698657802537e-21
"MGST3",2.03753102589575e-25,0.304471088698901,0.79,0.746,6.86525703865316e-21
"AURKAIP1",2.19243112620193e-25,-0.305125657789463,0.558,0.786,7.38717743662478e-21
"FIS1",2.61046278816009e-25,-0.277548688072059,0.738,0.866,8.79569331842662e-21
"HADHA",3.38304809596769e-25,0.314125465873753,0.837,0.779,1.13988422545535e-20
"SPNS3",4.01892270394496e-25,0.39401817211294,0.433,0.276,1.35413581586722e-20
"TTC3",4.13817699757971e-25,0.387727931690869,0.755,0.705,1.39431735756451e-20
"DSTN",4.99188181063091e-25,0.266933200037371,0.773,0.724,1.68196465727398e-20
"RPS17",7.50863359993745e-25,-0.287504538923976,0.985,0.974,2.52995900516292e-20
"USP15",8.06962593111921e-25,-0.272366914489995,0.428,0.668,2.71897976123131e-20
"ATPIF1",8.24303187720326e-25,-0.48563437361523,0.844,0.909,2.77740716070487e-20
"BLVRB",8.69946331880693e-25,-0.891349644907793,0.451,0.67,2.93119717063881e-20
"C17orf89",1.04661095614549e-24,-0.281477448072271,0.535,0.765,3.52645095563663e-20
"JARID2",2.2033996295395e-24,0.362339696099394,0.579,0.5,7.4241347117704e-20
"PRKAG2-AS1",2.96021986684122e-24,0.311849043313708,0.409,0.273,9.97416481933479e-20
"CD69",3.87572567657068e-24,0.544228089817454,0.585,0.467,1.30588700946372e-19
"CD44",3.88547152035982e-24,0.317353618737886,0.827,0.772,1.30917077407004e-19
"ATP6V1G1",4.45035818271895e-24,0.252453850974184,0.922,0.896,1.49950368608532e-19
"LAMTOR2",9.00435848572267e-24,-0.282016154160184,0.444,0.667,3.0339285481794e-19
"NDUFB1",1.27978150785656e-23,-0.326800610343484,0.75,0.872,4.31209581257189e-19
"PLD4",1.41304203046239e-23,0.346145838232865,0.46,0.323,4.76110381743997e-19
"SLC39A3",1.61402595665118e-23,-0.325497529046558,0.628,0.793,5.43829905834048e-19
"IL1B",1.7947622441093e-23,0.439368173001138,0.723,0.641,6.04727190530188e-19
"PTPN7",1.80707828209408e-23,0.40100274113556,0.633,0.576,6.0887695636878e-19
"ARL6IP4",2.2760009119662e-23,-0.254166215044016,0.907,0.938,7.6687574727789e-19
"CNOT7",2.63982472120261e-23,0.306878296815798,0.759,0.712,8.89462541562009e-19
"SLIRP",2.69612367868489e-23,-0.381427120131986,0.65,0.811,9.08431912296087e-19
"NCOR1",2.75695529285211e-23,0.304234758198343,0.721,0.686,9.28928516373589e-19
"ACTG1",3.13499110508688e-23,0.257922814207814,0.997,0.984,1.05630390294797e-18
"RCSD1",3.4524179654333e-23,0.357498066649515,0.578,0.478,1.1632577092731e-18
"XBP1",3.81598247909886e-23,0.348966220528129,0.86,0.797,1.28575713650757e-18
"ARPC4",4.7281594931974e-23,-0.322759851062548,0.452,0.681,1.59310605963793e-18
"TSTD1",6.30929705849767e-23,-0.282462382115187,0.717,0.85,2.1258545508902e-18
"NT5C3A",6.49044786670636e-23,-0.267841986497953,0.4,0.641,2.18689150420804e-18
"SNRPG",8.70817969758539e-23,-0.404820157347633,0.712,0.854,2.93413406730442e-18
"CDKN2D",1.11621810626946e-22,-0.371536744864571,0.133,0.287,3.76098528726431e-18
"PPP1R14A",1.14119303994371e-22,-0.305723419882083,0.176,0.338,3.84513582878633e-18
"LYL1",1.3521464833437e-22,-0.403558867041514,0.758,0.834,4.55592236097828e-18
"GNG5",1.96239260539713e-22,-0.304536606263479,0.761,0.876,6.61208564462508e-18
"TOP1",2.54390243309817e-22,-0.295528157017571,0.564,0.755,8.57142485808098e-18
"MZT2A",2.5728854416699e-22,-0.279269591446516,0.776,0.862,8.66908020716256e-18
"MRPS26",2.58040381741703e-22,-0.272806862952078,0.395,0.611,8.69441262240493e-18
"ECHDC2",2.64800567217147e-22,0.292207682981334,0.405,0.27,8.92219031181455e-18
"MYL6",3.98877056180056e-22,-0.484645158591096,0.931,0.966,1.34397635309308e-17
"HMBOX1",4.34926418351492e-22,0.308491150409241,0.397,0.275,1.46544107399352e-17
"UROD",4.71694081601355e-22,-0.408060186191521,0.556,0.724,1.58932603854761e-17
"HLA-F",4.99309764032816e-22,-0.253483929312165,0.19,0.371,1.68237431893217e-17
"VDAC2",5.34146611434991e-22,0.263471874938965,0.894,0.881,1.79975359256906e-17
"LSM4",6.00158272896256e-22,-0.342859086006782,0.551,0.74,2.02217328469664e-17
"SRI",6.98143123321164e-22,-0.292466296909974,0.651,0.811,2.35232343971833e-17
"PTTG1",1.19373207555168e-21,-0.256555690589315,0.295,0.513,4.02216085536384e-17
"ZFAND1",1.28029509111611e-21,0.289533852795947,0.692,0.669,4.31382628000663e-17
"UQCR10",1.56549581533827e-21,-0.379811984193726,0.803,0.897,5.27478160020077e-17
"SNRNP70",2.88127140064488e-21,-0.267014998283785,0.56,0.76,9.70815585733285e-17
"S100A9",3.30969863060046e-21,-2.35773254786319,0.038,0.127,1.11516985659452e-16
"ATP5J2",3.76335860138507e-21,-0.396924893018955,0.792,0.871,1.26802604715068e-16
"PSMA5",4.45765996262322e-21,-0.272254230097021,0.578,0.768,1.50196394780627e-16
"TMSB4X",4.95163831009261e-21,-1.31594594659385,0.967,0.964,1.6684050122026e-16
"TYMP",6.60490245892728e-21,-0.279513840459223,0.163,0.328,2.22545583451096e-16
"PFN1",1.11804750920683e-20,-0.430703236676816,0.937,0.959,3.76714927752149e-16
"POLR2E",1.27221337570001e-20,-0.290339878190354,0.549,0.724,4.28659574808362e-16
"FHL1",1.31789278562896e-20,0.302408658422297,0.57,0.484,4.44050795189822e-16
"ALDOA",1.51034475401297e-20,-0.297525259384071,0.942,0.957,5.08895561417129e-16
"VAMP2",1.92360205478481e-20,0.284586640371003,0.846,0.807,6.48138476339193e-16
"LIMS1",2.16704823675725e-20,-0.572309184456004,0.62,0.774,7.30165232892986e-16
"IFITM2",2.67599445929577e-20,-0.329475567585087,0.553,0.738,9.01649573115117e-16
"AP3S1",2.75928871735749e-20,0.276895567004761,0.614,0.573,9.29714740426434e-16
"TOMM20",3.62039512268876e-20,-0.255026275575511,0.792,0.883,1.21985593263875e-15
"STK17B",3.62985509123805e-20,-0.265705658191424,0.341,0.549,1.22304337444175e-15
"TPM1",3.78779479356394e-20,-0.451484666785489,0.376,0.563,1.27625957774344e-15
"ADI1",5.19527348694475e-20,-0.261291858270667,0.388,0.606,1.75049544869117e-15
"COX5B",5.83588050267575e-20,-0.285388480064679,0.868,0.915,1.96634157657157e-15
"CPVL",6.06260732034586e-20,0.299067244649182,0.569,0.467,2.04273491051733e-15
"APOE",6.62261182005111e-20,-0.443163495359555,0.033,0.112,2.23142282664802e-15
"GSTO1",1.39585706495719e-19,-0.365684971206424,0.755,0.871,4.70320079466675e-15
"FNTA",1.40448390273729e-19,0.259217971234366,0.662,0.625,4.73226806188302e-15
"TSPAN3",1.57639533215481e-19,0.325601876610491,0.616,0.58,5.31150643216243e-15
"NCKAP1L",1.62816372905591e-19,0.310153781444276,0.6,0.549,5.48593486868098e-15
"RP11-25K19.1",1.77201267364428e-19,0.348312331712178,0.504,0.415,5.97061950257704e-15
"UQCRQ",1.99809316526088e-19,-0.340225362407193,0.756,0.874,6.73237511102999e-15
"LSM7",2.29037540286605e-19,-0.272507745326014,0.897,0.914,7.71719088241688e-15
"HLA-DPB1",2.3050627712628e-19,-0.533268242354195,0.806,0.841,7.76667850149287e-15
"IDS",2.59249141738954e-19,-0.386408527293803,0.518,0.675,8.73514058175232e-15
"LETMD1",2.66316146014379e-19,0.357886329727419,0.6,0.568,8.9732562238085e-15
"C1orf186",3.00109657280855e-19,0.452571739330135,0.384,0.248,1.01118947924211e-14
"GTF3C6",3.05449537230464e-19,-0.279008658714964,0.599,0.779,1.02918167074433e-14
"PRAM1",3.23579494869725e-19,0.282963893806691,0.462,0.325,1.09026875001405e-14
"NAP1L1",3.69809905660795e-19,0.258268875626755,0.944,0.909,1.24603749613348e-14
"PPIA",3.85779297108724e-19,-0.339253507911541,0.958,0.957,1.29984476367813e-14
"TUBB4B",3.99764216230799e-19,-0.32969003862823,0.612,0.789,1.34696555016805e-14
"DGAT1",4.00426692684065e-19,0.293108327141829,0.512,0.437,1.34919769832969e-14
"INTS10",7.46897976214351e-19,0.295554988409487,0.615,0.571,2.51659804105664e-14
"BCL11A",8.13200330698727e-19,0.346706052494768,0.678,0.618,2.73999719425629e-14
"SRSF5",1.12028213518489e-18,-0.27275775824991,0.952,0.93,3.77467862629198e-14
"DARS",1.15728982650026e-18,0.299702975782677,0.754,0.731,3.89937234140999e-14
"RAMP1",1.31075034678993e-18,0.275775601968861,0.499,0.392,4.41644221847399e-14
"MROH1",1.75176105699919e-18,0.263230014764081,0.317,0.199,5.90238370545307e-14
"ZNF22",2.20942877858877e-18,0.266472605864452,0.769,0.758,7.44444932657702e-14
"BBX",2.27773404169766e-18,0.33589439541372,0.624,0.585,7.67459708009609e-14
"FABP5",2.48306970471601e-18,0.262529921124292,0.854,0.787,8.36645506307014e-14
"TRA2B",3.59125636005714e-18,-0.281116591004237,0.717,0.832,1.21003791795765e-13
"TMEM98",4.35537374918287e-18,0.289162802665916,0.419,0.305,1.46749963104967e-13
"SLC2A3",5.07263847616149e-18,-0.372835126719772,0.095,0.21,1.70917480815785e-13
"H2AFZ",5.34675773098321e-18,-0.497185668872553,0.828,0.927,1.80153654987748e-13
"EIF5B",6.79778223334865e-18,-0.271784094921,0.586,0.74,2.29044474570449e-13
"CTSF",7.46178330184984e-18,0.300420349527711,0.52,0.442,2.51417326572529e-13
"GUK1",7.56679925222505e-18,-0.288089559602801,0.594,0.788,2.54955734004471e-13
"LAIR1",8.11760819993984e-18,0.316178787530266,0.516,0.425,2.73514690688773e-13
"CD53",9.20750375601184e-18,0.285976327570907,0.625,0.558,3.10237631555063e-13
"APPL1",9.40815197406551e-18,0.288825670420393,0.602,0.545,3.16998272614163e-13
"ADPGK",1.35991027124738e-17,0.297110536551972,0.499,0.436,4.58208166794093e-13
"LRRFIP1",1.39456809712644e-17,0.271894430075672,0.897,0.838,4.69885774645782e-13
"MYC",1.58666103573753e-17,0.319183885776417,0.577,0.463,5.34609569381404e-13
"SNHG8",1.59322677506456e-17,0.270423595124696,0.969,0.906,5.36821829590252e-13
"RNPS1",3.68359243223152e-17,0.260186379880933,0.785,0.772,1.24114963411609e-12
"PLAG1",3.69501760717158e-17,0.253190397724752,0.256,0.135,1.24499923256039e-12
"CAPN1",6.32843728239464e-17,-0.250531285847469,0.447,0.662,2.13230365793005e-12
"PSMC3",7.50131709170677e-17,-0.290980736543476,0.476,0.677,2.52749378087968e-12
"IDH2",7.81983879588521e-17,-0.321770187632382,0.614,0.768,2.63481648388556e-12
"LUC7L3",8.72663034219195e-17,0.319875069538102,0.817,0.759,2.94035082749816e-12
"GPSM3",9.1636038152031e-17,-0.284228177569218,0.571,0.766,3.08758466949453e-12
"RANBP1",1.25321610042795e-16,-0.353816878252229,0.659,0.793,4.22258632878193e-12
"ATP5G3",1.84852658089085e-16,-0.312572656936286,0.896,0.924,6.22842546165364e-12
"FKBP8",1.95216099432902e-16,-0.257383086938588,0.718,0.85,6.57761125429219e-12
"DYM",1.99961156544041e-16,0.285385373170327,0.466,0.39,6.73749120859493e-12
"GADD45GIP1",2.58443430713265e-16,-0.317239667687691,0.716,0.83,8.70799295445276e-12
"ZBTB44",2.70567830976193e-16,0.283464758242643,0.502,0.436,9.11651249691185e-12
"TNFRSF1A",3.09438652392596e-16,0.278045515639546,0.599,0.577,1.04262259537161e-11
"MAT2A",3.15125615654536e-16,0.279665179759986,0.687,0.669,1.0617842493864e-11
"ADD3",3.44347034134283e-16,0.270342253300952,0.435,0.353,1.16024289681205e-11
"HLA-DRB5",4.24369210543256e-16,-0.337475972541452,0.64,0.759,1.42986961800445e-11
"TTC17",4.49430052113062e-16,0.298080583469092,0.543,0.5,1.51430961758975e-11
"CLC",4.55511650031719e-16,-1.20330001201478,0.031,0.101,1.53480095361688e-11
"COPE",4.63480314164038e-16,-0.274473578171583,0.708,0.841,1.56165057054431e-11
"GBP2",6.51826536520116e-16,0.270644617237603,0.357,0.248,2.19626433215088e-11
"RUNX1",6.87344794791663e-16,0.275292295514513,0.643,0.611,2.31593955157103e-11
"ATP8B4",8.30866224575673e-16,0.275063830339967,0.452,0.353,2.79952065708527e-11
"CUX1",1.1500261673739e-15,0.311051617557204,0.633,0.611,3.87489816834962e-11
"UBE2J1",1.34056705813513e-15,0.274130996150716,0.532,0.493,4.51690664568052e-11
"MYL12A",1.74139056835056e-15,-0.587082461098816,0.831,0.911,5.86744138100039e-11
"NCOA7",1.88262794727662e-15,0.376807931869643,0.524,0.497,6.34332660555384e-11
"UBE2Q1",2.71806984342313e-15,0.270364797456478,0.47,0.407,9.15826453042988e-11
"MEF2C",3.4180142852563e-15,-0.260652770612499,0.434,0.622,1.15166573327426e-10
"MINOS1",3.45262135587073e-15,-0.356903429913311,0.602,0.759,1.16332623964708e-10
"HNRNPR",3.86405195460094e-15,-0.259541214631624,0.682,0.803,1.30195366558324e-10
"HIST1H2AC",4.17282970745205e-15,-0.319107513386444,0.167,0.311,1.40599324162889e-10
"COMMD3",4.50102312109819e-15,0.266461330437837,0.69,0.69,1.51657473042283e-10
"UBE2C",5.87613540487141e-15,-0.458539452693434,0.107,0.218,1.97990506331737e-10
"PRNP",7.31142926839212e-15,0.252788282693796,0.414,0.343,2.46351297769204e-10
"HIST3H2A",8.49892327168776e-15,0.348175022444075,0.625,0.572,2.86362720716247e-10
"NOP10",1.07170345678811e-14,-0.266483172248573,0.72,0.841,3.61099762730187e-10
"LY6E",1.29105281797939e-14,0.260854201859302,0.849,0.839,4.35007336489976e-10
"CDCA7",1.41241456173724e-14,0.304064756286616,0.481,0.388,4.75898962431747e-10
"GSTP1",1.50352224405415e-14,-0.319797662222543,0.926,0.913,5.06596784911606e-10
"TGFB1",1.50778408236773e-14,-0.530100634791182,0.556,0.74,5.08032768712984e-10
"ITM2A",1.54607692043198e-14,0.255521339101141,0.697,0.684,5.20935157570352e-10
"FAM60A",2.19385281504946e-14,0.258546299341704,0.677,0.657,7.39196767502765e-10
"AES",2.19939149835572e-14,-0.269189210810936,0.689,0.844,7.41062971455975e-10
"HNRNPAB",2.36820433897541e-14,-0.30146339096021,0.653,0.774,7.97942769974376e-10
"AVP",5.66513706076874e-14,-1.01569237002843,0.482,0.53,1.90881128125542e-09
"TYMS",5.74691241612758e-14,-0.278501953773709,0.365,0.522,1.93636466949003e-09
"GRINA",6.12201586275541e-14,0.263341152233971,0.514,0.462,2.06275202479681e-09
"HCST",6.33133560929589e-14,-0.438529796634573,0.416,0.61,2.13328022019616e-09
"CFL1",6.61536374695502e-14,-0.29577597201642,0.932,0.951,2.22898066089902e-09
"C14orf2",7.39669733046933e-14,-0.257013393116272,0.878,0.921,2.49224319852834e-09
"PSMB6",8.69267683695738e-14,-0.254681078959128,0.655,0.821,2.92891053344442e-09
"PTPRC",1.28946274827463e-13,-0.340592401561742,0.575,0.719,4.34471578403653e-09
"BPTF",1.72399758822704e-13,0.27804134288417,0.717,0.709,5.80883747377218e-09
"DUSP2",2.03871371445095e-13,0.335591019196218,0.369,0.277,6.86924198947104e-09
"UBE2R2",2.9929379725944e-13,0.26284197264625,0.714,0.718,1.00844052048596e-08
"TAF1D",4.04900608791507e-13,0.306861987819341,0.879,0.818,1.36427211126211e-08
"LINC01122",4.59029642122218e-13,0.297585923305374,0.297,0.2,1.5466544761666e-08
"COX7B",5.77361225115569e-13,-0.266701877802543,0.77,0.879,1.9453609119044e-08
"KIAA0101",5.8062903288119e-13,-0.391489264345851,0.406,0.537,1.95637146338988e-08
"CCND3",5.81858155164554e-13,-0.324775208473288,0.313,0.483,1.96051286801145e-08
"CST3",6.01465231924958e-13,-0.480548886347021,0.688,0.805,2.02657695244795e-08
"GSN",7.08563798740807e-13,-0.37208223966206,0.446,0.61,2.38743486347728e-08
"SYTL1",1.10402448120704e-12,0.256413999282254,0.603,0.58,3.719900086979e-08
"SPN",1.74483754780986e-12,0.283202190629367,0.783,0.775,5.87905563359055e-08
"PSME2",1.82013606092618e-12,-0.254419901513584,0.657,0.804,6.13276644368468e-08
"CNIH1",2.19666963046257e-12,0.256000428156379,0.596,0.613,7.40145865288059e-08
"PCMTD1",2.27051182856582e-12,0.27322793624658,0.492,0.456,7.65026255516967e-08
"MED13L",3.17272283214277e-12,0.259010330924158,0.56,0.522,1.06901723106218e-07
"TPI1",3.52236963454742e-12,-0.261504615505927,0.875,0.914,1.18682722466441e-07
"ANKRD13D",3.70807639874509e-12,0.293864964046988,0.516,0.486,1.24939926179317e-07
"PRKX",4.94071511962033e-12,0.264507289562062,0.375,0.309,1.66472455240487e-07
"CXorf21",7.02125683615103e-12,0.255059146394783,0.231,0.14,2.36574227837273e-07
"ERGIC1",1.37251165084061e-11,0.273181299529595,0.618,0.621,4.62454075634235e-07
"SNRPD1",1.3928088243296e-11,-0.258981548254268,0.84,0.873,4.69293005269617e-07
"ZKSCAN1",1.52677375967226e-11,0.252866061388052,0.539,0.5,5.14431150583972e-07
"ZNF292",2.37133075871819e-11,0.263715953907359,0.568,0.549,7.98996185842506e-07
"CLU",3.19873227915833e-11,-0.451535687721257,0.533,0.674,1.07778085413961e-06
"MLXIP",3.61912176095507e-11,0.264464232390419,0.517,0.492,1.2194268861362e-06
"PCM1",3.73221715604442e-11,0.250199025837854,0.71,0.697,1.25753324855761e-06
"NRGN",5.98559980021817e-11,-0.815440292488768,0.245,0.379,2.01678799668551e-06
"ANXA4",7.47427065230306e-11,0.26544003954353,0.495,0.481,2.51838075358699e-06
"OAZ1",1.08620978726246e-10,-0.364145527908096,0.969,0.97,3.65987525720213e-06
"NREP",1.22081077242235e-10,0.258394246929972,0.551,0.527,4.11339981659987e-06
"MPST",1.2216915710508e-10,-0.25829653746652,0.439,0.589,4.11636757949858e-06
"PRDX1",2.30529819244562e-10,-0.28734360745457,0.928,0.918,7.76747172962628e-06
"EMP3",2.54414930066077e-10,-0.322384603634427,0.658,0.793,8.5722566536464e-06
"EREG",4.16653468967997e-10,0.469713734300588,0.613,0.57,1.40387219834077e-05
"KIAA0125",9.49157108862329e-10,-0.39326732095491,0.729,0.798,3.19808996260073e-05
"SDCCAG8",1.11853612456553e-09,0.266373993927772,0.529,0.516,3.7687956181111e-05
"JUNB",1.27060428947059e-09,-0.357320916225732,0.782,0.738,4.2811740929422e-05
"H1F0",1.60330230121361e-09,0.398180179316512,0.563,0.536,5.40216677370915e-05
"NDUFAF3",2.03178178803448e-09,-0.267100369109315,0.643,0.789,6.84588555660339e-05
"PRSS57",2.20877848598792e-09,-0.257042553252273,0.829,0.816,7.4422582306877e-05
"FOXN3",1.24418318903654e-08,0.270509232075263,0.583,0.611,0.000419215083713973
"WDFY2",2.08286776344326e-08,0.282904981617547,0.461,0.448,0.000701801464214571
"MEG3",3.77875300605526e-08,0.268884813955413,0.369,0.293,0.00127321303786026
"LMO4",4.56595011035374e-08,-0.450164153085893,0.421,0.587,0.00153845123018259
"ILK",5.39035991397253e-08,-0.311884790193759,0.337,0.488,0.0018162278694139
"TMEM14C",6.27291220195464e-08,-0.345365525717214,0.756,0.833,0.0021135950373266
"RPL22L1",6.36892474368574e-08,-0.286558894285938,0.865,0.892,0.00214594550313747
"RAP1B",6.74355210922006e-08,-0.570438780332282,0.663,0.788,0.00227217244768061
"EGFL7",1.13341799302107e-07,-0.285011866680228,0.791,0.807,0.00381893858568521
"ARL4C",1.23288484208801e-07,-0.279241927233041,0.08,0.141,0.00415408218693133
"TSC22D1",1.38535593314103e-07,-0.351526279033717,0.51,0.645,0.00466781828112539
"KCNQ1OT1",1.19027373579581e-06,0.265012962612728,0.521,0.476,0.040105083253904
"ANGPT1",1.47247641629406e-06,0.25093607780406,0.48,0.47,0.049613620370612
"RGS10",1.62475451441374e-06,-0.291952857630096,0.69,0.788,0.0547444786086567
"HSPE1",1.88680122558054e-06,-0.316457596310981,0.794,0.855,0.0635738804947109
"SAT1",3.71778742283227e-06,-0.439132579148888,0.647,0.767,0.125267129424911
"ATP5G1",8.72086969543133e-06,-0.281388949654575,0.723,0.815,0.293840983517863
"MPO",1.74144715402987e-05,0.318113352497625,0.286,0.224,0.586763204078823
"AREG",2.86166977684933e-05,-0.465522473396185,0.305,0.378,0.964211014611615
"ODC1",3.08135708201351e-05,-0.276571061774914,0.595,0.703,1
"PRTN3",3.33829500338907e-05,-0.335019958301464,0.181,0.122,1
"CORO1A",3.67852277481442e-05,-0.297832641811634,0.612,0.709,1
"LYZ",3.76886342994376e-05,-0.686189441467862,0.506,0.512,1
"ACTB",4.91584384592424e-05,-0.424652669332988,0.997,0.998,1
"CD52",5.06753510477857e-05,-0.338909475330936,0.761,0.756,1
"CCL5",0.000111017233239544,-1.05885325118371,0.063,0.101,1
"CH17-373J23.1",0.000138627328643465,0.290456672361488,0.438,0.429,1
"FLNA",0.000255723413835859,-0.293368257105278,0.447,0.57,1
"TUBA1C",0.000353658398832543,-0.348911403543975,0.7,0.798,1
"HLA-DRA",0.000437445714948556,-0.281674027992942,0.926,0.875,1
"FCER1G",0.00175961889256311,-0.324089924640735,0.237,0.302,1
"SNHG12",0.00198099849939452,0.281007417072651,0.493,0.526,1
"MPC2",0.00355086951421508,-0.265351752616375,0.709,0.787,1
"CTSS",0.00873212417081746,-0.326439366005092,0.445,0.559,1
"PLEK",0.0117175756779883,-0.634826037614573,0.693,0.64,1
"SH3BGRL3",0.0124774078033289,-0.257280328290829,0.934,0.931,1
"ELANE",0.0155199457947287,-0.338219051515751,0.103,0.075,1
"CXCR4",0.0617863871172106,-0.30922068352611,0.269,0.307,1
"S100A11",0.0712416165755442,-0.314851064305037,0.381,0.449,1
"B2M",0.0937553243449135,-0.27474774830758,0.997,0.998,1
"HLA-C",0.130544621986701,-0.263049574521116,0.96,0.944,1
"TYROBP",0.416167982055941,-0.442526335769835,0.338,0.379,1
"DAD1",0.526511271667137,-0.291791449658262,0.823,0.873,1
"PDLIM1",0.724401181540989,-0.334464720563047,0.636,0.667,1
"BTG1",0.963493909289612,-0.418184230394118,0.779,0.808,1
