,umap1,umap2,clus,chr1:115258747:C/T,chr11:119149251:G/A,chr12:25398285:C/T,chr15:90631934:C/T
0,2.9549372,-7.8299212,5,1.4925373134328357,0.0,1.8518518518518516,77.77777777777779
1,1.3981652,3.8258705,3,2.8169014084507045,100.0,1.9607843137254901,100.0
2,-2.8396847,5.405779,1,0.0,0.0,65.27777777777779,34.074074074074076
3,-1.9514142,-8.164132,2,0.0,0.0,1.1904761904761905,100.0
4,-5.004294,-5.8550096,7,0.5813953488372093,0.0,27.380952380952383,63.030303030303024
5,2.983236,3.9071875,3,0.7575757575757576,0.0,36.470588235294116,67.81609195402298
6,2.9007692,-1.5191108,2,100.0,0.0,1.6528925619834711,8.620689655172415
7,-3.0538926,4.826076,1,18.367346938775512,0.0,0.0,43.63636363636363
8,10.303821,1.4095153,3,0.0,100.0,0.0,24.770642201834864
9,2.5066433,-7.956488,2,0.0,100.0,0.0,5.0
10,-0.68274987,-7.8658605,2,0.0,0.0,2.857142857142857,0.0
11,11.11709,-0.40816283,6,0.0,0.0,75.96153846153845,100.0
12,-3.1157222,-6.3748894,7,1.483679525222552,100.0,83.33333333333334,39.39393939393939
13,12.461323,1.1913557,6,0.0,0.0,0.9803921568627451,67.24137931034483
14,-0.6248293,-4.5122304,8,1.9867549668874174,0.0,4.385964912280701,91.95402298850574
15,0.89475036,6.357051,4,1.5463917525773196,0.0,1.8867924528301887,31.03448275862069
16,-2.752043,-1.9408393,5,0.0,100.0,0.6329113924050633,84.7457627118644
17,2.0996604,3.635112,3,1.4925373134328357,0.0,0.0,0.0
18,-1.5213134,7.7229476,1,0.0,0.0,2.5974025974025974,100.0
19,-2.4573998,4.138381,1,3.0,0.0,0.9345794392523363,43.66197183098591
20,-1.8261359,-8.0129385,2,8.928571428571429,0.0,0.0,100.0
21,2.9020038,3.2293077,3,0.0,22.22222222222222,26.53061224489796,7.547169811320755
22,-2.4997814,-1.0950304,5,0.0,0.0,0.46511627906976744,100.0
23,12.333973,-0.0034986488,6,51.94174757281553,0.0,3.75,42.16216216216216
24,2.107892,3.5919237,3,0.0,0.0,1.0869565217391304,67.08860759493672
25,-3.9025881,5.6579833,1,2.1621621621621623,100.0,1.282051282051282,95.55555555555556
26,-7.0989604,4.2199936,4,4.597701149425287,100.0,4.3478260869565215,18.461538461538463
27,10.847377,-0.4029261,6,100.0,0.0,0.9900990099009901,38.57142857142858
28,0.94414383,-0.8279605,4,0.0,100.0,1.6129032258064515,0.0
29,-0.5773849,-2.762922,8,0.0,100.0,3.125,54.166666666666664
30,-4.678816,0.16265021,1,2.272727272727273,100.0,0.5649717514124294,100.0
31,-3.5104866,-4.722048,8,3.875968992248062,0.0,60.83333333333333,52.32558139534884
32,-5.2308154,-5.3773313,7,1.3333333333333335,100.0,0.7462686567164178,100.0
33,0.51220083,-1.8469765,8,0.8620689655172413,0.0,3.0303030303030303,100.0
34,-5.1397038,2.720455,1,97.22222222222221,0.0,2.197802197802198,54.6875
35,2.5942798,4.9805207,3,0.0,0.0,2.0,49.18032786885246
36,1.232468,-3.6121173,2,1.3513513513513513,0.0,11.494252873563218,4.672897196261682
37,0.25524384,2.4286084,3,0.0,0.0,1.9607843137254901,46.666666666666664
38,1.3819728,3.6770864,3,0.0,0.0,0.0,41.333333333333336
39,3.8484006,-6.618761,5,5.660377358490567,0.0,0.5154639175257731,7.547169811320755
40,-4.0150313,-4.391108,7,0.0,0.0,11.702127659574469,18.0327868852459
41,-1.1294569,4.086631,1,1.0869565217391304,0.0,0.9345794392523363,100.0
42,-3.9151263,7.6654844,1,2.0618556701030926,0.0,66.43356643356644,62.34567901234568
43,-3.9905987,8.8539295,4,31.818181818181817,0.0,1.5384615384615385,0.0
44,12.159826,0.24772939,6,90.1639344262295,0.0,3.4653465346534658,92.0
45,10.153957,1.1835327,6,5.194805194805195,100.0,1.7341040462427744,91.96428571428571
46,-2.0910273,-2.8385625,5,79.74683544303798,100.0,0.6896551724137931,1.3513513513513513
47,1.3140621,-7.2307224,3,0.0,64.0,0.0,10.79136690647482
48,0.38062924,-2.6480627,8,16.666666666666664,0.0,0.4629629629629629,0.684931506849315
49,-3.40953,5.757089,1,0.0,100.0,0.0,59.756097560975604
50,-0.0020984407,7.485338,4,64.51612903225806,0.0,2.0,15.09433962264151
51,-4.2145705,8.703505,4,1.4388489208633095,100.0,1.5384615384615385,14.678899082568808
52,3.0958533,-6.1152315,2,0.0,0.0,82.72727272727273,84.81012658227847
53,2.757936,3.128184,3,0.0,0.0,1.4925373134328357,0.0
54,-1.7048185,-4.064593,5,3.79746835443038,33.33333333333333,9.03954802259887,0.0
55,-0.20224689,-2.9435716,8,0.0,100.0,2.941176470588235,78.94736842105263
56,0.26320052,-7.2389917,3,56.896551724137936,0.0,0.0,100.0
57,-2.3766186,-1.6711493,5,1.8018018018018018,100.0,1.4084507042253522,0.0
58,3.2427316,-6.4773407,2,0.0,100.0,0.0,0.0
59,3.3537903,-2.4119072,8,0.0,12.5,3.389830508474576,100.0
60,-5.984481,-3.0185647,7,1.5384615384615385,0.0,70.96774193548387,54.44444444444444
61,-1.2768648,3.8439932,1,0.0,0.0,0.0,44.68864468864469
62,0.9361633,-4.1729355,8,1.282051282051282,100.0,0.6666666666666667,100.0
63,12.929138,0.9894911,6,0.0,0.0,0.0,43.859649122807014
64,-5.8688393,6.7553062,1,1.8633540372670807,0.0,31.0,38.170347003154575
65,-4.6421514,-2.3847742,5,3.225806451612903,100.0,0.0,38.655462184873954
66,2.1502132,3.3456302,3,2.9850746268656714,0.0,3.2432432432432434,50.90909090909091
67,-1.4179823,-6.242853,2,0.0,0.0,100.0,100.0
68,-0.19382149,-7.293486,2,4.371584699453552,0.0,1.0416666666666665,100.0
69,1.5288217,-6.0580597,2,0.0,100.0,0.9009009009009009,85.71428571428571
70,-3.1728065,5.2875185,1,22.033898305084744,0.0,1.5151515151515151,62.22222222222222
71,8.904949,-1.0461249,6,0.0,0.0,1.5151515151515151,0.0
72,-4.2730527,0.36379844,1,0.9009009009009009,0.0,0.53475935828877,94.82758620689656
73,-6.101957,-4.306946,7,0.0,0.0,1.3157894736842104,99.07407407407408
74,4.468283,-5.4629745,5,2.1739130434782608,100.0,1.3043478260869565,84.6938775510204
75,12.262454,-0.21956028,6,0.0,0.0,0.0,31.944444444444443
76,0.44786274,-4.5490723,2,0.0,0.0,0.0,0.0
77,12.894908,-0.17436379,6,28.985507246376812,0.0,2.666666666666667,59.09090909090909
78,-0.43956542,7.9625936,5,4.444444444444445,0.0,100.0,50.0
79,-6.7631264,4.717589,4,1.2658227848101267,0.0,5.555555555555555,50.0
80,-2.5303206,8.052624,4,62.28070175438597,0.0,1.9230769230769231,17.894736842105264
81,-5.6553707,-4.5434065,7,1.9230769230769231,100.0,2.1739130434782608,97.87234042553192
82,0.15147528,0.9600916,3,0.0,0.0,100.0,30.76923076923077
83,-2.8380954,0.44984463,4,4.444444444444445,0.0,97.6,20.0
84,0.89230597,-2.2229657,8,32.30769230769231,7.142857142857142,1.384083044982699,98.86363636363636
85,-2.7283165,8.893086,4,1.5151515151515151,100.0,0.0,50.53763440860215
86,-4.595365,-5.032649,7,2.8938906752411575,100.0,1.25,50.86206896551724
87,-4.94602,2.099546,1,1.8181818181818181,0.0,10.4,52.87356321839081
88,-5.629097,-1.6683077,7,1.4492753623188406,0.0,2.941176470588235,84.61538461538461
89,4.843016,-3.1246243,5,3.278688524590164,100.0,0.0,0.0
90,-6.2271566,4.2933044,4,3.1413612565445024,69.81132075471697,0.3472222222222222,96.45390070921985
91,10.36051,-0.7011771,6,0.0,100.0,1.3888888888888888,60.28368794326241
92,-0.30685705,-8.320452,2,0.0,0.0,57.692307692307686,65.82278481012658
93,3.09134,4.04803,3,0.0,100.0,3.9215686274509802,29.03225806451613
94,2.4957767,-6.428449,2,0.0,0.0,7.6923076923076925,6.0606060606060606
95,9.320332,-0.8604315,6,3.5211267605633805,0.0,0.0,1.9607843137254901
96,-3.8832853,6.9244976,1,1.0101010101010102,0.0,0.0,0.0
97,0.020046577,-2.132857,8,1.9736842105263157,0.0,4.0,1.0204081632653061
98,-3.1146379,0.7738921,1,100.0,0.0,2.0408163265306123,28.57142857142857
99,-2.3586564,9.376675,4,1.8867924528301887,0.0,1.5873015873015872,100.0
100,-1.5191491,0.1901832,3,18.96551724137931,0.0,14.634146341463413,50.0
101,-0.1756856,-3.1718912,8,1.6129032258064515,0.0,1.2987012987012987,100.0
102,1.1541281,4.4515696,3,11.11111111111111,0.0,3.8461538461538463,62.637362637362635
103,-5.6122007,-5.431551,7,91.87817258883248,0.0,1.282051282051282,86.17511520737328
104,-0.9253141,1.7614685,3,0.8928571428571428,0.0,72.3076923076923,59.64912280701754
105,5.07798,-3.1203098,5,100.0,1.9230769230769231,3.2,28.08988764044944
106,1.2070378,3.1545925,3,0.0,7.142857142857142,20.689655172413794,100.0
107,-5.233696,6.045312,1,3.3783783783783785,22.22222222222222,0.5291005291005291,73.21428571428571
108,-3.3479724,6.5529466,1,88.1578947368421,0.0,3.8834951456310676,48.8235294117647
109,-3.1334531,-2.1050959,3,0.0,0.0,80.0,0.0
110,-1.1486825,-7.7674904,2,0.0,0.0,0.0,50.0
111,-5.574296,7.3971586,4,4.615384615384616,0.0,1.4388489208633095,100.0
112,2.3121896,-8.262905,2,98.30508474576271,0.0,5.0,94.84536082474226
113,-1.3570653,0.494707,3,0.0,0.0,68.0,48.529411764705884
114,-0.43535703,-1.6367958,8,0.819672131147541,100.0,0.0,0.0
115,-2.3011737,-2.493009,5,2.9850746268656714,0.0,0.0,96.42857142857143
116,3.1033125,2.9268172,3,97.47899159663865,0.0,1.171875,69.87951807228916
117,-4.8532043,-3.7510061,7,0.0,0.0,0.7633587786259541,1.694915254237288
118,10.738992,-0.7839254,6,0.0,0.0,0.8064516129032258,0.0
119,0.09205248,-1.9310485,8,0.0,100.0,2.0408163265306123,100.0
120,-6.769011,3.4287498,5,100.0,0.0,1.5037593984962405,39.62264150943396
121,-4.9001293,6.1012096,1,17.424242424242426,0.0,1.5873015873015872,42.53731343283582
122,12.925026,0.9526284,6,12.048192771084338,84.0909090909091,1.8518518518518516,26.545454545454543
123,-6.577338,4.9831743,4,1.0526315789473684,0.0,8.724832214765101,91.30434782608695
124,-2.7976995,7.6034856,1,0.0,0.0,76.19047619047619,89.47368421052632
125,1.6077912,-8.450684,2,2.247191011235955,100.0,1.2875536480686696,11.320754716981133
126,2.3048549,3.512033,3,0.0,100.0,0.0,100.0
127,3.9880605,-6.884118,5,1.0752688172043012,0.0,26.6304347826087,63.38028169014085
128,-6.091847,5.501421,1,0.8264462809917356,0.0,0.4,60.75949367088608
129,11.032247,-0.4786145,6,2.1739130434782608,0.0,3.225806451612903,0.0
130,12.572926,0.9016972,6,0.8849557522123894,0.0,8.88888888888889,88.13559322033898
131,9.467565,-0.98915863,6,3.597122302158273,0.0,1.4814814814814816,0.4291845493562232
132,-4.365878,4.9601393,1,1.3513513513513513,100.0,0.0,87.34177215189874
133,12.364263,1.1108868,6,2.2988505747126435,0.0,0.32786885245901637,100.0
134,-5.821789,1.1178616,4,43.57142857142857,0.0,3.050847457627119,43.78378378378379
135,-4.5522013,3.2810354,1,3.9647577092511015,0.0,64.22764227642277,12.962962962962962
136,0.3401261,7.0864534,4,2.6490066225165565,100.0,0.7575757575757576,51.02040816326531
137,1.2821362,3.7154942,3,1.8867924528301887,0.0,13.372093023255813,74.73684210526315
138,-5.608385,1.3768644,1,60.37735849056604,0.0,0.0,22.972972972972975
139,-5.023779,3.2842932,1,83.46153846153847,0.0,3.5398230088495577,1.0752688172043012
140,-1.0207666,5.0109425,1,18.51851851851852,0.0,0.7633587786259541,8.333333333333332
141,0.6110238,3.0235813,3,88.46153846153845,0.0,0.0,71.42857142857143
142,3.372509,-4.397869,5,100.0,0.0,1.5151515151515151,71.9298245614035
143,-4.107007,1.4912082,1,0.0,0.0,3.4090909090909087,100.0
144,-1.4766151,7.5071363,1,0.0,0.0,66.66666666666666,0.0
145,-2.9814622,6.5167713,1,6.976744186046512,100.0,1.0498687664041995,47.05882352941176
146,-1.8141193,6.4637713,1,73.68421052631578,0.0,22.807017543859647,63.829787234042556
147,-3.292138,-6.329443,7,0.0,0.0,0.628930817610063,73.91304347826086
148,-5.2420225,-6.037619,7,4.166666666666666,100.0,0.0,0.0
149,12.15789,1.2445102,6,0.0,0.0,21.62162162162162,11.29032258064516
150,-6.4152737,-4.7228417,7,0.0,0.0,41.333333333333336,7.096774193548387
151,-5.2101016,1.2898929,1,4.545454545454546,100.0,2.5,75.0
152,2.1227345,5.1043324,4,33.33333333333333,2.2222222222222223,44.19889502762431,94.36619718309859
153,2.7109976,-7.6588635,2,0.6711409395973155,70.83333333333334,59.72222222222222,27.586206896551722
154,-2.1513717,1.4703288,3,100.0,1.9230769230769231,0.0,29.914529914529915
155,-4.719474,-5.7837014,7,100.0,1.694915254237288,40.397350993377486,35.07462686567165
156,-5.0605993,-0.79921156,7,0.0,0.0,44.565217391304344,61.53846153846154
157,-6.5817957,4.8524523,4,2.3391812865497075,2.2222222222222223,22.22222222222222,61.206896551724135
158,-1.0699047,-1.1877205,5,3.614457831325301,0.0,0.6097560975609756,31.147540983606557
159,12.798765,-0.16700345,6,0.0,0.0,0.6134969325153374,1.3157894736842104
160,10.383219,-0.71745753,6,1.5037593984962405,0.0,0.45662100456621,0.0
161,-1.9422307,-3.2289267,5,19.54022988505747,0.0,0.0,62.0
162,-0.9324362,-4.47873,8,1.8867924528301887,100.0,1.2658227848101267,61.32075471698113
163,-6.0179973,-3.2840796,7,0.0,0.0,1.5151515151515151,0.6060606060606061
164,-2.903821,-0.7621192,5,0.0,0.0,2.547770700636943,8.21917808219178
165,-4.428774,2.9828439,1,1.7543859649122806,0.0,0.0,88.09523809523809
166,-3.6312177,4.368746,1,77.89473684210526,0.0,0.2958579881656805,78.9272030651341
167,-2.5967426,-7.378674,7,3.070175438596491,0.0,18.84057971014493,0.0
168,-3.3534908,8.043143,4,4.054054054054054,0.0,0.0,69.64285714285714
169,-5.372867,6.314785,1,0.0,0.0,89.79591836734694,100.0
170,3.3657482,-8.02289,2,100.0,0.0,1.3274336283185841,0.0
171,1.6068978,-5.0794053,2,4.0,0.0,58.18181818181818,50.877192982456144
172,1.6397791,-6.1626434,2,0.0,0.0,0.2967359050445104,100.0
173,0.5596801,6.101062,4,11.235955056179774,0.0,0.9216589861751152,98.95833333333334
174,3.1572523,3.788982,3,78.01418439716312,3.571428571428571,1.9607843137254901,4.597701149425287
175,-4.8358865,2.8255172,1,100.0,0.0,0.8849557522123894,100.0
176,-5.83301,4.28624,4,2.42914979757085,100.0,0.5555555555555556,14.285714285714285
177,2.0880024,-6.1139436,2,0.0,70.83333333333334,0.9523809523809524,84.61538461538461
178,-5.620024,5.5676837,1,0.0,0.0,87.20930232558139,0.5649717514124294
179,-3.1633072,9.177229,4,3.9473684210526314,100.0,2.0408163265306123,49.404761904761905
180,-0.40948874,8.049099,5,2.941176470588235,100.0,0.8849557522123894,88.40579710144928
181,2.0417674,-1.5974015,8,0.0,0.0,0.0,89.47368421052632
182,1.8422316,-2.391405,8,0.0,0.0,0.0,0.0
183,-5.1127186,6.529369,1,39.75903614457831,0.0,2.608695652173913,8.98876404494382
184,-2.7251027,-3.9286132,8,100.0,0.0,1.6528925619834711,20.388349514563107
185,1.914191,-2.6032758,8,2.5210084033613445,100.0,0.0,18.666666666666668
186,-3.437879,2.2417665,1,0.0,100.0,1.7094017094017095,95.65217391304348
187,-5.347967,-4.420636,1,0.0,100.0,1.1904761904761905,89.0909090909091
188,-0.9371463,1.8134985,3,2.857142857142857,0.0,14.583333333333334,59.09090909090909
189,-1.8401664,5.3321652,1,66.44295302013423,0.0,0.4098360655737705,12.389380530973451
190,2.743034,-5.796972,2,0.0,0.0,27.142857142857142,99.14529914529915
191,-6.3259645,6.6394587,1,0.0,0.0,6.097560975609756,45.76271186440678
192,0.3213889,-2.1854331,8,0.0,100.0,0.5813953488372093,97.61904761904762
193,-4.0456066,8.329521,4,9.836065573770492,0.0,2.0,83.60655737704919
194,1.2691376,3.5884924,3,0.0,1.4925373134328357,65.21739130434783,91.81818181818183
195,0.20892017,-8.430857,2,0.0,0.0,0.0,24.65753424657534
196,-5.755615,-4.6899853,7,100.0,0.0,2.142857142857143,96.02649006622516
197,-3.9198809,8.934595,4,82.14285714285714,0.0,4.081632653061225,0.0
198,-4.3893604,-4.159705,7,0.0,0.0,8.333333333333332,0.0
199,-1.4999211,0.9218859,3,0.0,0.0,0.0,25.0
200,0.122650206,-0.29009548,4,43.127962085308056,0.0,0.0,22.0
201,1.4368203,-7.574763,2,69.49152542372882,0.0,0.0,17.105263157894736
202,-5.363255,6.2755194,1,0.0,68.88888888888889,12.269938650306749,100.0
203,-1.0480651,3.5411305,1,2.2222222222222223,0.0,41.42857142857143,98.30508474576271
204,-4.8242645,-6.551448,7,3.125,32.0,19.35483870967742,0.0
205,-1.9925607,5.411414,1,0.5076142131979695,0.0,3.4090909090909087,74.48979591836735
206,3.3125863,-2.2663727,2,97.1830985915493,1.9607843137254901,2.512562814070352,0.0
207,-2.052204,-2.8981984,5,33.92857142857143,100.0,3.571428571428571,63.63636363636363
208,-4.87624,6.370291,1,1.9047619047619049,100.0,0.0,67.04545454545455
209,2.3777485,-7.416877,2,4.054054054054054,100.0,3.9215686274509802,97.53086419753086
210,1.0883425,-8.312263,2,0.0,0.0,9.836065573770492,100.0
211,-2.0188086,-4.099586,5,0.0,0.0,1.7857142857142856,46.62576687116564
212,1.8368531,-5.1461687,2,0.0,0.0,57.55395683453237,100.0
213,-1.9012575,-8.022428,2,0.0,62.5,0.0,76.38888888888889
214,-0.3149953,3.3433428,1,100.0,2.7027027027027026,1.0869565217391304,100.0
215,2.0435078,-8.221721,2,0.5747126436781609,100.0,2.5316455696202533,100.0
216,0.76446587,-7.37348,2,0.0,0.0,0.6134969325153374,8.620689655172415
217,2.481111,1.5564328,4,0.0,0.0,0.628930817610063,0.0
218,-5.42815,-0.02413393,7,0.0,0.0,2.941176470588235,26.36363636363636
219,-3.0417604,-1.25468,5,0.0,0.0,35.294117647058826,54.41176470588235
220,3.2463179,-4.966197,5,1.7857142857142856,50.0,1.7241379310344827,0.0
221,-0.6953708,-7.479597,2,0.0,100.0,1.098901098901099,0.0
222,1.3385909,-4.7696,2,0.0,0.0,0.0,80.22598870056498
223,0.35321468,6.7874527,4,0.0,10.526315789473683,1.3513513513513513,93.10344827586206
224,2.0888412,-5.3199825,2,1.7543859649122806,100.0,2.3529411764705883,9.090909090909092
225,-3.3555315,-4.755316,8,1.7543859649122806,100.0,0.4608294930875576,0.0
226,-3.532886,8.995531,4,9.623430962343097,2.0,3.0927835051546393,7.003891050583658
227,-3.9367123,8.59664,4,0.0,0.0,32.98969072164948,77.46478873239437
228,3.9795108,-4.3499513,5,0.0,0.0,88.11881188118812,41.935483870967744
229,-1.5363377,4.554142,1,0.0,0.0,0.0,8.024691358024691
230,-3.9872372,6.855247,4,1.7751479289940828,0.0,61.29032258064516,100.0
231,-2.5101602,6.230791,4,14.814814814814813,0.0,1.0526315789473684,63.46153846153846
232,-0.3576364,7.759637,5,83.93782383419689,0.0,0.36496350364963503,100.0
233,-3.17166,-6.4362354,7,32.075471698113205,100.0,1.6666666666666667,46.198830409356724
234,-5.0497875,2.1590261,1,2.8169014084507045,0.0,0.0,8.0
235,-2.7069488,6.323681,1,0.9009009009009009,0.0,56.476683937823836,34.02061855670103
236,-4.3268676,7.9913993,4,0.0,3.225806451612903,1.1494252873563218,90.78947368421053
237,-5.522468,-1.1231707,7,0.0,0.0,1.8292682926829267,0.0
238,-1.2966789,4.5238523,1,2.6455026455026456,0.0,99.0909090909091,5.970149253731343
239,2.7998745,-3.216884,1,0.0,100.0,1.4084507042253522,43.604651162790695
240,-0.59054786,-7.386917,2,0.0,0.0,100.0,33.969465648854964
241,-4.2225327,-6.412697,7,1.0204081632653061,0.0,3.5398230088495577,3.4482758620689653
242,-3.1866763,2.5041842,1,0.0,0.0,24.242424242424242,11.320754716981133
243,-3.4895744,3.408988,1,4.102564102564102,0.0,50.98039215686274,66.10169491525424
244,-1.842141,9.050416,2,1.5873015873015872,100.0,0.0,58.333333333333336
245,-0.7694324,8.139071,5,72.11538461538461,0.0,2.1459227467811157,0.0
246,-5.8495455,0.56068337,7,1.6666666666666667,0.0,18.367346938775512,6.349206349206349
247,4.249707,-5.5093,5,1.06951871657754,0.0,93.33333333333333,18.421052631578945
248,1.1355511,-5.7470126,2,4.310344827586207,0.0,1.345291479820628,0.0
249,-5.066969,4.2660737,1,2.1505376344086025,0.0,4.0650406504065035,36.04651162790697
250,12.191233,-0.13346268,6,22.448979591836736,0.0,1.25,59.183673469387756
251,3.5820842,2.5144553,3,1.1764705882352942,100.0,4.285714285714286,100.0
252,-4.6720247,8.109887,4,0.0,100.0,0.0,23.14814814814815
253,9.981461,-0.8087356,6,0.0,0.0,0.0,0.0
254,3.45128,-3.8475533,5,2.2346368715083798,0.0,29.126213592233007,91.93548387096774
255,2.865848,-0.6446413,3,1.5151515151515151,100.0,1.2269938650306749,100.0
256,13.08815,0.34928656,6,5.813953488372093,2.0,13.191489361702127,97.14285714285714
257,2.581996,-4.527494,2,0.0,95.91836734693877,0.0,41.509433962264154
258,9.869847,-0.9579197,6,1.4492753623188406,0.0,45.45454545454545,30.434782608695656
259,-3.4042976,0.8400227,4,0.0,100.0,3.8095238095238098,34.146341463414636
260,-2.6751213,2.2329476,3,0.0,0.0,97.01492537313433,0.0
261,-6.313204,5.021493,4,0.0,0.0,4.054054054054054,54.83870967741935
262,-3.8344398,2.1120594,1,95.9731543624161,0.0,0.7751937984496124,7.4074074074074066
263,2.8655062,2.8934371,3,1.6666666666666667,0.0,7.52212389380531,56.17977528089888
264,0.60034084,-1.5576231,8,100.0,0.0,1.694915254237288,5.0
265,-0.6252858,-2.260161,8,0.0,0.0,100.0,100.0
266,-3.9251776,-6.1072416,3,95.32710280373831,0.0,1.7543859649122806,43.63636363636363
267,-4.5522532,-6.159084,7,2.608695652173913,0.0,0.7299270072992701,62.71186440677966
268,2.1091669,-7.121877,2,4.3478260869565215,0.0,0.0,99.05660377358491
269,-0.10992963,-1.3134229,8,0.0,0.0,68.0,3.6764705882352944
270,11.0755205,-0.49641135,6,0.9900990099009901,0.0,1.8518518518518516,38.46153846153847
271,-5.0255065,6.1687603,1,2.5,100.0,38.775510204081634,44.827586206896555
272,0.7762829,5.995068,4,4.216867469879518,0.0,0.0,100.0
273,-2.2152538,-3.396568,5,4.0650406504065035,0.0,0.8097165991902834,100.0
274,-1.2253078,9.109038,5,1.1235955056179776,0.0,12.5,7.792207792207792
275,3.4498148,-7.9125347,2,100.0,0.0,2.380952380952381,98.38709677419355
276,-2.5045848,-5.4884033,2,60.264900662251655,0.0,0.8928571428571428,0.0
277,-2.017148,-7.757043,2,100.0,0.0,1.509433962264151,83.09859154929578
278,2.5410006,-4.146135,5,2.464788732394366,0.0,64.53488372093024,98.4126984126984
279,-2.0038838,-4.4968095,3,81.33333333333333,0.0,0.0,16.176470588235293
280,0.505556,4.9621086,3,100.0,1.7241379310344827,1.1764705882352942,33.78378378378378
281,0.3256417,6.7199306,4,44.18604651162791,0.0,1.1904761904761905,0.0
282,-2.350489,-0.83831835,5,87.77777777777777,0.0,0.0,13.414634146341465
283,3.114146,-2.4686887,8,0.0,0.0,1.1049723756906076,78.40531561461795
284,4.621317,-4.7104745,7,2.380952380952381,100.0,0.0,69.11764705882352
285,2.8002095,4.383444,3,0.0,100.0,0.0,1.056338028169014
286,-1.8582795,-7.912112,2,6.578947368421052,0.0,0.0,25.0
287,-3.5108652,8.824643,4,0.9900990099009901,0.0,1.3333333333333335,65.85365853658537
288,1.1356053,-5.41413,2,2.0,0.0,52.34375,0.0
289,2.8695846,-6.4948235,5,0.0,0.0,32.87671232876712,69.16666666666667
290,-3.428556,4.4437532,1,0.0,0.0,42.76729559748428,86.74698795180723
291,-0.9613198,-7.138524,2,0.0,0.0,0.0,100.0
292,-3.4683611,3.4090462,1,3.361344537815126,0.0,41.66666666666667,100.0
293,-5.549083,-5.286553,7,0.0,0.0,46.75324675324675,68.62745098039215
294,12.965923,0.06975451,6,3.571428571428571,0.0,57.14285714285714,92.3076923076923
295,-0.46845394,-5.854852,2,0.0,100.0,2.9850746268656714,98.21428571428571
296,-0.3109835,-2.6799135,8,0.0,100.0,1.2853470437017995,0.9523809523809524
297,-5.77744,6.448354,1,0.8849557522123894,0.0,28.57142857142857,100.0
298,13.244301,0.651221,6,1.0869565217391304,0.0,0.7194244604316548,93.44262295081968
299,-3.2987359,7.4047184,1,2.631578947368421,2.0,4.0,0.0
300,-1.9683517,6.3268065,3,35.0,0.0,1.7241379310344827,30.76923076923077
301,-1.9417287,1.6157235,3,68.87966804979253,0.0,0.0,82.85714285714286
302,-2.8025017,4.916803,4,0.5154639175257731,0.0,6.896551724137931,18.023255813953487
303,-3.0878782,-1.310501,5,3.278688524590164,100.0,0.0,99.31506849315068
304,-0.9739462,6.548262,1,0.9523809523809524,0.0,0.684931506849315,3.8461538461538463
305,-3.1191926,-7.529195,7,4.819277108433735,0.0,61.702127659574465,44.642857142857146
306,-3.0868416,-6.452348,7,3.8461538461538463,94.44444444444444,13.804713804713806,31.932773109243694
307,12.794964,0.23083693,6,19.767441860465116,0.0,36.53846153846153,14.035087719298245
308,-1.9278259,5.0847893,1,29.75206611570248,0.0,2.4096385542168677,25.850340136054424
309,-6.653984,5.028406,4,0.0,0.0,26.923076923076923,77.10843373493977
310,0.6699788,-6.774605,2,3.508771929824561,0.0,11.965811965811966,98.50746268656717
311,-5.221198,5.1409154,1,47.45762711864407,0.0,1.5873015873015872,12.280701754385964
312,13.01511,0.47122848,6,3.0,0.0,1.4925373134328357,27.184466019417474
313,0.24172442,-5.7103605,2,91.21621621621621,0.0,0.0,29.03225806451613
314,-5.2942953,-1.3669485,7,2.941176470588235,0.0,98.18181818181819,56.118143459915615
315,-1.2575521,4.9757566,1,3.7383177570093453,0.0,2.9850746268656714,11.711711711711711
316,-4.167983,-0.37112665,7,0.0,0.0,55.38461538461539,100.0
317,12.620183,-0.4017824,6,0.0,0.0,12.087912087912088,32.69230769230769
318,-1.9765966,8.778872,4,0.0,0.0,12.857142857142856,65.33333333333333
319,-4.031061,5.289603,1,0.0,0.9523809523809524,18.88888888888889,94.91525423728814
320,1.3166184,-0.091083735,4,0.0,0.0,26.05042016806723,100.0
321,-1.9266527,-3.3069525,5,2.336448598130841,0.0,78.1021897810219,7.6923076923076925
322,-2.3078678,-5.788932,2,0.0,0.0,46.42857142857143,17.142857142857142
323,-1.3031535,2.4387093,3,9.090909090909092,0.0,1.5625,75.0
324,0.4033405,2.36509,3,2.7303754266211606,0.0,12.5,93.18181818181817
325,-2.339153,-1.6886972,5,92.78350515463917,0.0,1.8181818181818181,0.7352941176470588
326,-0.09737834,-5.9649587,5,69.0909090909091,0.0,2.272727272727273,59.01639344262295
327,-4.3244157,4.3327184,1,0.0,0.0,58.82352941176471,71.42857142857143
328,1.7327733,-7.254013,2,0.0,100.0,0.42016806722689076,14.772727272727273
329,2.3001924,-8.156356,2,1.3274336283185841,0.0,98.36065573770492,86.02150537634408
330,-2.9739795,-0.27611697,3,86.79245283018868,5.555555555555555,29.09090909090909,28.57142857142857
331,12.870007,-0.15100412,6,61.29032258064516,0.0,0.0,1.0752688172043012
332,-3.753526,-3.0360818,5,2.054794520547945,0.0,97.91666666666666,0.0
333,12.598419,-0.099713095,6,0.0,0.0,55.769230769230774,45.40229885057471
334,0.610931,-8.237895,2,24.203821656050955,0.0,22.105263157894736,1.4285714285714286
335,3.1146357,-6.9656124,2,3.8461538461538463,0.0,3.4482758620689653,0.0
336,-4.394902,8.741392,4,6.60377358490566,100.0,21.53846153846154,54.285714285714285
337,3.9746509,-6.295868,5,3.3112582781456954,100.0,1.8691588785046727,100.0
338,12.406637,0.38039857,6,94.94949494949495,0.0,0.0,60.0
339,1.9654316,-5.606832,2,5.194805194805195,0.0,0.0,98.1981981981982
340,10.152718,-0.8032194,6,7.6923076923076925,0.0,0.0,0.0
341,3.5157576,-4.6851645,5,0.5376344086021506,100.0,0.0,100.0
342,-0.5808496,7.600318,5,0.0,0.0,0.0,100.0
343,12.410731,-0.0821556,6,48.113207547169814,0.0,1.639344262295082,70.37037037037037
344,-6.257815,-4.4883003,7,100.0,1.7857142857142856,0.0,63.725490196078425
345,-6.0838723,-2.528376,7,2.5,0.0,0.0,100.0
346,-5.601577,-5.010094,7,1.2195121951219512,0.0,1.5873015873015872,45.16129032258064
347,-2.3589528,3.401859,1,0.0,16.666666666666664,7.6190476190476195,100.0
348,-5.1207657,-5.9208145,7,1.25,0.0,3.571428571428571,32.758620689655174
349,9.92962,-0.83150256,6,3.431372549019608,0.0,1.2048192771084338,15.625
350,-2.652164,5.0395417,1,0.0,0.0,1.3888888888888888,17.543859649122805
351,2.85362,-7.436285,2,44.31818181818182,0.0,0.5780346820809248,100.0
352,-2.6986346,7.7665763,4,9.45945945945946,0.0,2.0,100.0
353,-1.7993773,8.018576,1,0.8,0.0,0.8130081300813009,69.6078431372549
354,-1.2915943,-4.7771044,5,1.9867549668874174,5.555555555555555,16.577540106951872,50.53763440860215
355,-1.3271847,3.5623538,1,4.411764705882353,0.0,0.4464285714285714,100.0
356,10.736123,-0.6777997,6,0.0,4.0,3.225806451612903,2.666666666666667
357,-0.640605,3.8387918,3,1.1627906976744187,0.0,81.48148148148148,72.41379310344827
358,12.530808,0.6032262,6,100.0,0.0,0.0,3.4482758620689653
359,12.838393,0.9661186,6,1.5625,0.0,0.0,100.0
360,1.1956079,-4.360672,8,1.3888888888888888,0.0,32.0,4.938271604938271
361,1.0450039,3.5721655,3,2.4390243902439024,0.0,1.006711409395973,0.0
362,3.2012382,-7.9172273,2,1.4492753623188406,2.4390243902439024,1.282051282051282,70.58823529411765
363,-2.389813,7.278921,1,31.03448275862069,0.0,2.727272727272727,25.806451612903224
364,-0.69527084,1.3151546,3,0.0,0.0,1.214574898785425,84.70588235294117
365,9.609578,-0.78316563,6,0.0,0.0,1.4492753623188406,1.4705882352941175
366,2.213654,-3.2005632,2,0.0,0.0,0.0,1.1904761904761905
367,-3.6943636,3.8743117,1,91.91919191919192,0.0,0.0,27.86885245901639
368,1.7956336,-2.3473651,8,14.754098360655737,0.0,3.7735849056603774,80.95238095238095
369,0.30825758,4.1994867,3,1.2903225806451613,0.0,91.30434782608695,8.928571428571429
370,-4.0955048,8.627626,4,1.5444015444015444,0.0,78.94736842105263,0.0
371,-3.0665426,1.8627268,3,50.0,0.0,1.2738853503184715,20.0
372,1.1049116,-1.7986363,8,2.666666666666667,100.0,1.36986301369863,3.571428571428571
373,-2.8497756,3.7901738,4,1.1235955056179776,0.0,79.12087912087912,100.0
374,-3.3854806,6.157214,1,0.0,0.0,6.60377358490566,100.0
375,-4.2371025,8.628474,4,12.903225806451612,0.0,0.0,21.153846153846153
376,-3.2842407,-3.5869713,3,0.0,0.0,28.07017543859649,16.216216216216218
377,-2.3602946,-0.86686975,5,1.5384615384615385,0.0,60.0,43.02325581395349
378,-0.073255405,-3.3635364,8,100.0,0.0,0.6493506493506493,1.8181818181818181
379,-4.0492682,-5.4864416,7,1.8518518518518516,100.0,2.4390243902439024,61.98347107438017
380,-5.3729563,-6.106851,7,0.0,0.0,0.0,50.0
381,-4.906487,2.3856993,1,1.3157894736842104,0.0,28.205128205128204,27.192982456140353
382,-4.2896914,1.7751546,1,0.0,0.0,0.0,54.54545454545454
383,2.6977465,4.2300787,3,0.0,0.0,100.0,15.686274509803921
384,5.077488,-2.9918957,5,0.0,0.0,0.0,100.0
385,12.78798,0.07716946,6,0.0,0.0,44.5945945945946,13.414634146341465
386,-6.5383806,5.218011,4,1.9230769230769231,100.0,0.0,34.69387755102041
387,3.154073,-0.48633787,3,98.33333333333333,0.0,3.076923076923077,68.81720430107528
388,-5.614207,-5.104843,7,1.7241379310344827,100.0,0.0,3.0303030303030303
389,4.5920844,-4.7059526,5,100.0,0.0,1.2345679012345678,88.11188811188812
390,-0.9062496,8.173592,5,6.41025641025641,0.0,48.54368932038835,46.774193548387096
391,1.7636425,-4.3917313,2,0.0,100.0,0.0,11.666666666666666
392,4.3159304,-5.6238627,5,0.0,0.0,0.0,7.0588235294117645
